timestamp,event_type,detail,text
2026-05-08T23:09:20.970337+00:00,stage,,waiting
2026-05-08T23:09:20.982354+00:00,face_message,,I am the SEIC navigation robot. Please enter the person or room you are trying to find.
2026-05-08T23:09:20.984814+00:00,speech_text,,I am the SEIC navigation robot. Please enter the person or room you are trying to find.
2026-05-08T23:19:07.610316+00:00,led_color,sample=10,"r=1.000,g=1.000,b=0.000,a=1.000"
2026-05-08T23:19:07.613435+00:00,qbot_led_color,sample=10,"0.000,0.000,1.000"
2026-05-08T23:19:07.619691+00:00,led_color,sample=20,"r=1.000,g=1.000,b=0.000,a=1.000"
2026-05-08T23:19:07.626420+00:00,led_color,sample=30,"r=1.000,g=1.000,b=0.000,a=1.000"
2026-05-08T23:19:07.637906+00:00,led_color,sample=40,"r=1.000,g=1.000,b=0.000,a=1.000"
2026-05-08T23:19:07.657113+00:00,led_color,sample=50,"r=1.000,g=1.000,b=0.000,a=1.000"
2026-05-08T23:19:07.673055+00:00,led_color,sample=60,"r=1.000,g=1.000,b=0.000,a=1.000"
2026-05-08T23:19:07.680637+00:00,led_color,sample=70,"r=1.000,g=1.000,b=0.000,a=1.000"
2026-05-08T23:19:07.697684+00:00,led_color,sample=80,"r=1.000,g=1.000,b=0.000,a=1.000"
2026-05-08T23:19:07.704681+00:00,led_color,sample=90,"r=1.000,g=1.000,b=0.000,a=1.000"
2026-05-08T23:19:07.713686+00:00,led_color,sample=100,"r=1.000,g=1.000,b=0.000,a=1.000"
2026-05-08T23:19:07.720453+00:00,led_color,sample=110,"r=1.000,g=1.000,b=0.000,a=1.000"
2026-05-08T23:19:07.755030+00:00,led_color,sample=120,"r=1.000,g=1.000,b=0.000,a=1.000"
2026-05-08T23:19:07.761830+00:00,led_color,sample=130,"r=1.000,g=1.000,b=0.000,a=1.000"
2026-05-08T23:19:07.778512+00:00,led_color,sample=140,"r=1.000,g=1.000,b=0.000,a=1.000"
2026-05-08T23:19:07.785770+00:00,led_color,sample=150,"r=1.000,g=1.000,b=0.000,a=1.000"
2026-05-08T23:19:07.793801+00:00,led_color,sample=160,"r=1.000,g=1.000,b=0.000,a=1.000"
2026-05-08T23:19:07.800673+00:00,led_color,sample=170,"r=1.000,g=1.000,b=0.000,a=1.000"
2026-05-08T23:19:07.808377+00:00,led_color,sample=180,"r=1.000,g=1.000,b=0.000,a=1.000"
2026-05-08T23:19:07.815128+00:00,led_color,sample=190,"r=1.000,g=1.000,b=0.000,a=1.000"
2026-05-08T23:19:07.836615+00:00,led_color,sample=200,"r=1.000,g=1.000,b=0.000,a=1.000"
2026-05-08T23:19:07.844183+00:00,led_color,sample=210,"r=1.000,g=1.000,b=0.000,a=1.000"
2026-05-08T23:19:07.859130+00:00,led_color,sample=220,"r=1.000,g=1.000,b=0.000,a=1.000"
2026-05-08T23:19:07.866420+00:00,led_color,sample=230,"r=1.000,g=1.000,b=0.000,a=1.000"
2026-05-08T23:19:07.882437+00:00,led_color,sample=240,"r=1.000,g=1.000,b=0.000,a=1.000"
2026-05-08T23:19:07.889653+00:00,led_color,sample=250,"r=1.000,g=1.000,b=0.000,a=1.000"
2026-05-08T23:19:07.898583+00:00,led_color,sample=260,"r=1.000,g=1.000,b=0.000,a=1.000"
2026-05-08T23:19:07.905085+00:00,led_color,sample=270,"r=1.000,g=1.000,b=0.000,a=1.000"
2026-05-08T23:19:07.912101+00:00,led_color,sample=280,"r=1.000,g=1.000,b=0.000,a=1.000"
2026-05-08T23:19:07.935507+00:00,led_color,sample=290,"r=1.000,g=1.000,b=0.000,a=1.000"
2026-05-08T23:19:07.942231+00:00,led_color,sample=300,"r=1.000,g=1.000,b=0.000,a=1.000"
2026-05-08T23:19:07.949151+00:00,led_color,sample=310,"r=1.000,g=1.000,b=0.000,a=1.000"
2026-05-08T23:19:07.955486+00:00,led_color,sample=320,"r=1.000,g=1.000,b=0.000,a=1.000"
2026-05-08T23:19:07.962335+00:00,led_color,sample=330,"r=1.000,g=1.000,b=0.000,a=1.000"
2026-05-08T23:19:07.980976+00:00,led_color,sample=340,"r=1.000,g=1.000,b=0.000,a=1.000"
2026-05-08T23:19:08.004217+00:00,led_color,sample=350,"r=1.000,g=1.000,b=0.000,a=1.000"
2026-05-08T23:19:08.011367+00:00,led_color,sample=360,"r=1.000,g=1.000,b=0.000,a=1.000"
2026-05-08T23:19:08.034615+00:00,led_color,sample=370,"r=1.000,g=1.000,b=0.000,a=1.000"
2026-05-08T23:19:08.041646+00:00,led_color,sample=380,"r=1.000,g=1.000,b=0.000,a=1.000"
2026-05-08T23:19:08.049027+00:00,led_color,sample=390,"r=1.000,g=1.000,b=0.000,a=1.000"
2026-05-08T23:19:08.055835+00:00,led_color,sample=400,"r=1.000,g=1.000,b=0.000,a=1.000"
2026-05-08T23:19:08.062596+00:00,led_color,sample=410,"r=1.000,g=1.000,b=0.000,a=1.000"
2026-05-08T23:19:08.069492+00:00,led_color,sample=420,"r=1.000,g=1.000,b=0.000,a=1.000"
2026-05-08T23:19:08.076599+00:00,led_color,sample=430,"r=1.000,g=1.000,b=0.000,a=1.000"
2026-05-08T23:19:08.083445+00:00,led_color,sample=440,"r=1.000,g=1.000,b=0.000,a=1.000"
2026-05-08T23:19:08.090297+00:00,led_color,sample=450,"r=1.000,g=1.000,b=0.000,a=1.000"
2026-05-08T23:19:08.096642+00:00,led_color,sample=460,"r=0.000,g=0.000,b=1.000,a=1.000"
2026-05-08T23:19:08.106984+00:00,led_color,sample=470,"r=1.000,g=1.000,b=0.000,a=1.000"
2026-05-08T23:19:08.118027+00:00,led_color,sample=480,"r=1.000,g=1.000,b=0.000,a=1.000"
2026-05-08T23:19:08.125245+00:00,led_color,sample=490,"r=1.000,g=1.000,b=0.000,a=1.000"
2026-05-08T23:19:08.131712+00:00,led_color,sample=500,"r=1.000,g=1.000,b=0.000,a=1.000"
2026-05-08T23:19:08.138139+00:00,led_color,sample=510,"r=1.000,g=1.000,b=0.000,a=1.000"
2026-05-08T23:19:08.159036+00:00,led_color,sample=520,"r=1.000,g=1.000,b=0.000,a=1.000"
2026-05-08T23:19:08.166016+00:00,led_color,sample=530,"r=1.000,g=1.000,b=0.000,a=1.000"
2026-05-08T23:19:08.177059+00:00,led_color,sample=540,"r=1.000,g=1.000,b=0.000,a=1.000"
2026-05-08T23:19:08.189339+00:00,led_color,sample=550,"r=1.000,g=1.000,b=0.000,a=1.000"
2026-05-08T23:19:08.196341+00:00,led_color,sample=560,"r=1.000,g=1.000,b=0.000,a=1.000"
2026-05-08T23:19:08.209149+00:00,led_color,sample=570,"r=1.000,g=1.000,b=0.000,a=1.000"
2026-05-08T23:19:08.215530+00:00,led_color,sample=580,"r=1.000,g=1.000,b=0.000,a=1.000"
2026-05-08T23:19:08.231165+00:00,led_color,sample=590,"r=1.000,g=1.000,b=0.000,a=1.000"
2026-05-08T23:19:08.246361+00:00,led_color,sample=600,"r=1.000,g=1.000,b=0.000,a=1.000"
2026-05-08T23:19:08.272283+00:00,led_color,sample=610,"r=1.000,g=1.000,b=0.000,a=1.000"
2026-05-08T23:19:08.293954+00:00,led_color,sample=620,"r=1.000,g=1.000,b=0.000,a=1.000"
2026-05-08T23:19:08.312336+00:00,led_color,sample=630,"r=1.000,g=1.000,b=0.000,a=1.000"
2026-05-08T23:19:08.319482+00:00,led_color,sample=640,"r=1.000,g=1.000,b=0.000,a=1.000"
2026-05-08T23:19:08.326709+00:00,led_color,sample=650,"r=1.000,g=1.000,b=0.000,a=1.000"
2026-05-08T23:19:08.350618+00:00,led_color,sample=660,"r=1.000,g=1.000,b=0.000,a=1.000"
2026-05-08T23:19:08.359519+00:00,led_color,sample=670,"r=1.000,g=1.000,b=0.000,a=1.000"
2026-05-08T23:19:08.367104+00:00,led_color,sample=680,"r=1.000,g=1.000,b=0.000,a=1.000"
2026-05-08T23:19:08.381907+00:00,led_color,sample=690,"r=1.000,g=1.000,b=0.000,a=1.000"
2026-05-08T23:19:08.390985+00:00,led_color,sample=700,"r=1.000,g=1.000,b=0.000,a=1.000"
2026-05-08T23:19:08.407014+00:00,led_color,sample=710,"r=1.000,g=1.000,b=0.000,a=1.000"
2026-05-08T23:19:08.416974+00:00,led_color,sample=720,"r=1.000,g=1.000,b=0.000,a=1.000"
2026-05-08T23:19:08.427029+00:00,led_color,sample=730,"r=1.000,g=1.000,b=0.000,a=1.000"
2026-05-08T23:19:08.440099+00:00,led_color,sample=740,"r=1.000,g=1.000,b=0.000,a=1.000"
2026-05-08T23:19:08.451450+00:00,led_color,sample=750,"r=1.000,g=1.000,b=0.000,a=1.000"
2026-05-08T23:19:08.458444+00:00,led_color,sample=760,"r=1.000,g=1.000,b=0.000,a=1.000"
2026-05-08T23:19:08.467755+00:00,led_color,sample=770,"r=1.000,g=1.000,b=0.000,a=1.000"
2026-05-08T23:19:08.469291+00:00,qbot_led_color,sample=20,"0.000,0.000,1.000"
2026-05-08T23:19:08.482576+00:00,led_color,sample=780,"r=1.000,g=1.000,b=0.000,a=1.000"
2026-05-08T23:19:08.491038+00:00,led_color,sample=790,"r=1.000,g=1.000,b=0.000,a=1.000"
2026-05-08T23:19:08.498187+00:00,led_color,sample=800,"r=1.000,g=1.000,b=0.000,a=1.000"
2026-05-08T23:19:08.517107+00:00,led_color,sample=810,"r=1.000,g=1.000,b=0.000,a=1.000"
2026-05-08T23:19:08.524092+00:00,led_color,sample=820,"r=1.000,g=1.000,b=0.000,a=1.000"
2026-05-08T23:19:08.530603+00:00,led_color,sample=830,"r=1.000,g=1.000,b=0.000,a=1.000"
2026-05-08T23:19:08.546442+00:00,led_color,sample=840,"r=1.000,g=1.000,b=0.000,a=1.000"
2026-05-08T23:19:08.554300+00:00,led_color,sample=850,"r=1.000,g=1.000,b=0.000,a=1.000"
2026-05-08T23:19:08.562752+00:00,led_color,sample=860,"r=1.000,g=1.000,b=0.000,a=1.000"
2026-05-08T23:19:08.578094+00:00,led_color,sample=870,"r=1.000,g=1.000,b=0.000,a=1.000"
2026-05-08T23:19:08.589059+00:00,led_color,sample=880,"r=1.000,g=1.000,b=0.000,a=1.000"
2026-05-08T23:19:08.595564+00:00,led_color,sample=890,"r=1.000,g=1.000,b=0.000,a=1.000"
2026-05-08T23:19:08.611668+00:00,led_color,sample=900,"r=1.000,g=1.000,b=0.000,a=1.000"
2026-05-08T23:19:08.620373+00:00,led_color,sample=910,"r=1.000,g=1.000,b=0.000,a=1.000"
2026-05-08T23:19:08.641090+00:00,led_color,sample=920,"r=1.000,g=1.000,b=0.000,a=1.000"
2026-05-08T23:19:08.650671+00:00,led_color,sample=930,"r=1.000,g=1.000,b=0.000,a=1.000"
2026-05-08T23:19:08.659119+00:00,led_color,sample=940,"r=1.000,g=1.000,b=0.000,a=1.000"
2026-05-08T23:19:08.671001+00:00,led_color,sample=950,"r=1.000,g=1.000,b=0.000,a=1.000"
2026-05-08T23:19:08.682728+00:00,led_color,sample=960,"r=1.000,g=1.000,b=0.000,a=1.000"
2026-05-08T23:19:08.691706+00:00,led_color,sample=970,"r=1.000,g=1.000,b=0.000,a=1.000"
2026-05-08T23:19:08.732926+00:00,led_color,sample=980,"r=1.000,g=1.000,b=0.000,a=1.000"
2026-05-08T23:19:08.743004+00:00,led_color,sample=990,"r=1.000,g=1.000,b=0.000,a=1.000"
2026-05-08T23:19:08.750517+00:00,led_color,sample=1000,"r=1.000,g=1.000,b=0.000,a=1.000"
2026-05-08T23:19:08.757710+00:00,led_color,sample=1010,"r=1.000,g=1.000,b=0.000,a=1.000"
2026-05-08T23:19:08.797446+00:00,led_color,sample=1020,"r=1.000,g=1.000,b=0.000,a=1.000"
2026-05-08T23:19:08.807513+00:00,led_color,sample=1030,"r=1.000,g=1.000,b=0.000,a=1.000"
2026-05-08T23:19:08.814349+00:00,led_color,sample=1040,"r=1.000,g=1.000,b=0.000,a=1.000"
2026-05-08T23:19:08.839825+00:00,led_color,sample=1050,"r=1.000,g=1.000,b=0.000,a=1.000"
2026-05-08T23:19:08.846709+00:00,led_color,sample=1060,"r=1.000,g=1.000,b=0.000,a=1.000"
2026-05-08T23:19:08.855669+00:00,led_color,sample=1070,"r=1.000,g=1.000,b=0.000,a=1.000"
2026-05-08T23:19:08.867687+00:00,led_color,sample=1080,"r=1.000,g=1.000,b=0.000,a=1.000"
2026-05-08T23:19:08.879847+00:00,led_color,sample=1090,"r=1.000,g=1.000,b=0.000,a=1.000"
2026-05-08T23:19:08.890719+00:00,led_color,sample=1100,"r=1.000,g=1.000,b=0.000,a=1.000"
2026-05-08T23:19:08.899385+00:00,led_color,sample=1110,"r=1.000,g=1.000,b=0.000,a=1.000"
2026-05-08T23:19:08.919620+00:00,led_color,sample=1120,"r=1.000,g=1.000,b=0.000,a=1.000"
2026-05-08T23:19:08.930877+00:00,led_color,sample=1130,"r=1.000,g=1.000,b=0.000,a=1.000"
2026-05-08T23:19:08.941851+00:00,led_color,sample=1140,"r=1.000,g=1.000,b=0.000,a=1.000"
2026-05-08T23:19:08.956299+00:00,led_color,sample=1150,"r=1.000,g=1.000,b=0.000,a=1.000"
2026-05-08T23:19:08.963039+00:00,led_color,sample=1160,"r=1.000,g=1.000,b=0.000,a=1.000"
2026-05-08T23:19:08.970175+00:00,led_color,sample=1170,"r=1.000,g=1.000,b=0.000,a=1.000"
2026-05-08T23:19:08.977500+00:00,led_color,sample=1180,"r=0.000,g=0.000,b=1.000,a=1.000"
2026-05-08T23:19:08.999717+00:00,led_color,sample=1190,"r=1.000,g=1.000,b=0.000,a=1.000"
2026-05-08T23:19:09.006322+00:00,led_color,sample=1200,"r=1.000,g=1.000,b=0.000,a=1.000"
2026-05-08T23:19:09.016124+00:00,led_color,sample=1210,"r=1.000,g=1.000,b=0.000,a=1.000"
2026-05-08T23:19:09.027831+00:00,led_color,sample=1220,"r=1.000,g=1.000,b=0.000,a=1.000"
2026-05-08T23:19:09.036599+00:00,led_color,sample=1230,"r=1.000,g=1.000,b=0.000,a=1.000"
2026-05-08T23:19:09.047116+00:00,led_color,sample=1240,"r=1.000,g=1.000,b=0.000,a=1.000"
2026-05-08T23:19:09.053942+00:00,led_color,sample=1250,"r=1.000,g=1.000,b=0.000,a=1.000"
2026-05-08T23:19:09.060998+00:00,led_color,sample=1260,"r=1.000,g=1.000,b=0.000,a=1.000"
2026-05-08T23:19:09.071779+00:00,led_color,sample=1270,"r=1.000,g=1.000,b=0.000,a=1.000"
2026-05-08T23:19:09.082584+00:00,led_color,sample=1280,"r=1.000,g=1.000,b=0.000,a=1.000"
2026-05-08T23:19:09.089666+00:00,led_color,sample=1290,"r=1.000,g=1.000,b=0.000,a=1.000"
2026-05-08T23:19:09.095982+00:00,led_color,sample=1300,"r=1.000,g=1.000,b=0.000,a=1.000"
2026-05-08T23:19:09.102293+00:00,led_color,sample=1310,"r=1.000,g=1.000,b=0.000,a=1.000"
2026-05-08T23:19:09.118029+00:00,led_color,sample=1320,"r=1.000,g=1.000,b=0.000,a=1.000"
2026-05-08T23:19:09.136020+00:00,led_color,sample=1330,"r=1.000,g=1.000,b=0.000,a=1.000"
2026-05-08T23:19:09.160991+00:00,led_color,sample=1340,"r=1.000,g=1.000,b=0.000,a=1.000"
2026-05-08T23:19:09.181280+00:00,led_color,sample=1350,"r=1.000,g=1.000,b=0.000,a=1.000"
2026-05-08T23:19:09.191369+00:00,led_color,sample=1360,"r=1.000,g=1.000,b=0.000,a=1.000"
2026-05-08T23:19:09.220430+00:00,led_color,sample=1370,"r=1.000,g=1.000,b=0.000,a=1.000"
2026-05-08T23:19:09.235387+00:00,led_color,sample=1380,"r=1.000,g=1.000,b=0.000,a=1.000"
2026-05-08T23:19:09.261679+00:00,led_color,sample=1390,"r=1.000,g=1.000,b=0.000,a=1.000"
2026-05-08T23:19:09.366400+00:00,led_color,sample=1400,"r=1.000,g=1.000,b=0.000,a=1.000"
2026-05-08T23:19:09.382031+00:00,led_color,sample=1410,"r=1.000,g=1.000,b=0.000,a=1.000"
2026-05-08T23:19:09.398135+00:00,led_color,sample=1420,"r=1.000,g=1.000,b=0.000,a=1.000"
2026-05-08T23:19:09.431609+00:00,led_color,sample=1430,"r=1.000,g=1.000,b=0.000,a=1.000"
2026-05-08T23:19:09.443961+00:00,led_color,sample=1440,"r=1.000,g=1.000,b=0.000,a=1.000"
2026-05-08T23:19:09.453173+00:00,led_color,sample=1450,"r=1.000,g=1.000,b=0.000,a=1.000"
2026-05-08T23:19:09.460167+00:00,led_color,sample=1460,"r=1.000,g=1.000,b=0.000,a=1.000"
2026-05-08T23:19:09.467929+00:00,qbot_led_color,sample=30,"0.000,0.000,1.000"
2026-05-08T23:19:09.470584+00:00,led_color,sample=1470,"r=1.000,g=1.000,b=0.000,a=1.000"
2026-05-08T23:19:09.488736+00:00,led_color,sample=1480,"r=1.000,g=1.000,b=0.000,a=1.000"
2026-05-08T23:19:09.495553+00:00,led_color,sample=1490,"r=1.000,g=1.000,b=0.000,a=1.000"
2026-05-08T23:19:09.502419+00:00,led_color,sample=1500,"r=1.000,g=1.000,b=0.000,a=1.000"
2026-05-08T23:19:09.509195+00:00,led_color,sample=1510,"r=1.000,g=1.000,b=0.000,a=1.000"
2026-05-08T23:19:09.515865+00:00,led_color,sample=1520,"r=1.000,g=1.000,b=0.000,a=1.000"
2026-05-08T23:19:09.522242+00:00,led_color,sample=1530,"r=1.000,g=1.000,b=0.000,a=1.000"
2026-05-08T23:19:09.529093+00:00,led_color,sample=1540,"r=1.000,g=1.000,b=0.000,a=1.000"
2026-05-08T23:19:09.535368+00:00,led_color,sample=1550,"r=1.000,g=1.000,b=0.000,a=1.000"
2026-05-08T23:19:09.541817+00:00,led_color,sample=1560,"r=1.000,g=1.000,b=0.000,a=1.000"
2026-05-08T23:19:09.548908+00:00,led_color,sample=1570,"r=1.000,g=1.000,b=0.000,a=1.000"
2026-05-08T23:19:09.555269+00:00,led_color,sample=1580,"r=1.000,g=1.000,b=0.000,a=1.000"
2026-05-08T23:19:09.561866+00:00,led_color,sample=1590,"r=1.000,g=1.000,b=0.000,a=1.000"
2026-05-08T23:19:09.568481+00:00,led_color,sample=1600,"r=1.000,g=1.000,b=0.000,a=1.000"
2026-05-08T23:19:09.574990+00:00,led_color,sample=1610,"r=1.000,g=1.000,b=0.000,a=1.000"
2026-05-08T23:19:09.581414+00:00,led_color,sample=1620,"r=1.000,g=1.000,b=0.000,a=1.000"
2026-05-08T23:19:09.587600+00:00,led_color,sample=1630,"r=1.000,g=1.000,b=0.000,a=1.000"
2026-05-08T23:19:09.594052+00:00,led_color,sample=1640,"r=1.000,g=1.000,b=0.000,a=1.000"
2026-05-08T23:19:09.600817+00:00,led_color,sample=1650,"r=1.000,g=1.000,b=0.000,a=1.000"
2026-05-08T23:19:09.607609+00:00,led_color,sample=1660,"r=1.000,g=1.000,b=0.000,a=1.000"
2026-05-08T23:19:09.613802+00:00,led_color,sample=1670,"r=1.000,g=1.000,b=0.000,a=1.000"
2026-05-08T23:19:09.626804+00:00,led_color,sample=1680,"r=1.000,g=1.000,b=0.000,a=1.000"
2026-05-08T23:19:09.635388+00:00,led_color,sample=1690,"r=1.000,g=1.000,b=0.000,a=1.000"
2026-05-08T23:19:09.644236+00:00,led_color,sample=1700,"r=1.000,g=1.000,b=0.000,a=1.000"
2026-05-08T23:19:09.651114+00:00,led_color,sample=1710,"r=1.000,g=1.000,b=0.000,a=1.000"
2026-05-08T23:19:09.657515+00:00,led_color,sample=1720,"r=1.000,g=1.000,b=0.000,a=1.000"
2026-05-08T23:19:09.672484+00:00,led_color,sample=1730,"r=1.000,g=1.000,b=0.000,a=1.000"
2026-05-08T23:19:09.678838+00:00,led_color,sample=1740,"r=1.000,g=1.000,b=0.000,a=1.000"
2026-05-08T23:19:09.685167+00:00,led_color,sample=1750,"r=1.000,g=1.000,b=0.000,a=1.000"
2026-05-08T23:19:09.691266+00:00,led_color,sample=1760,"r=1.000,g=1.000,b=0.000,a=1.000"
2026-05-08T23:19:09.715759+00:00,led_color,sample=1770,"r=1.000,g=1.000,b=0.000,a=1.000"
2026-05-08T23:19:09.723184+00:00,led_color,sample=1780,"r=1.000,g=1.000,b=0.000,a=1.000"
2026-05-08T23:19:09.729347+00:00,led_color,sample=1790,"r=1.000,g=1.000,b=0.000,a=1.000"
2026-05-08T23:19:09.738969+00:00,led_color,sample=1800,"r=1.000,g=1.000,b=0.000,a=1.000"
2026-05-08T23:19:09.745405+00:00,led_color,sample=1810,"r=1.000,g=1.000,b=0.000,a=1.000"
2026-05-08T23:19:09.752065+00:00,led_color,sample=1820,"r=1.000,g=1.000,b=0.000,a=1.000"
2026-05-08T23:19:09.758439+00:00,led_color,sample=1830,"r=1.000,g=1.000,b=0.000,a=1.000"
2026-05-08T23:19:09.775463+00:00,led_color,sample=1840,"r=1.000,g=1.000,b=0.000,a=1.000"
2026-05-08T23:19:09.781809+00:00,led_color,sample=1850,"r=1.000,g=1.000,b=0.000,a=1.000"
2026-05-08T23:19:09.787983+00:00,led_color,sample=1860,"r=1.000,g=1.000,b=0.000,a=1.000"
2026-05-08T23:19:09.794167+00:00,led_color,sample=1870,"r=1.000,g=1.000,b=0.000,a=1.000"
2026-05-08T23:19:09.800651+00:00,led_color,sample=1880,"r=1.000,g=1.000,b=0.000,a=1.000"
2026-05-08T23:19:09.806681+00:00,led_color,sample=1890,"r=1.000,g=1.000,b=0.000,a=1.000"
2026-05-08T23:19:09.841965+00:00,led_color,sample=1900,"r=1.000,g=1.000,b=0.000,a=1.000"
2026-05-08T23:19:09.848643+00:00,led_color,sample=1910,"r=1.000,g=1.000,b=0.000,a=1.000"
2026-05-08T23:19:09.855378+00:00,led_color,sample=1920,"r=1.000,g=1.000,b=0.000,a=1.000"
2026-05-08T23:19:09.861655+00:00,led_color,sample=1930,"r=1.000,g=1.000,b=0.000,a=1.000"
2026-05-08T23:19:09.867845+00:00,led_color,sample=1940,"r=1.000,g=1.000,b=0.000,a=1.000"
2026-05-08T23:19:09.874150+00:00,led_color,sample=1950,"r=0.000,g=0.000,b=1.000,a=1.000"
2026-05-08T23:19:09.883919+00:00,led_color,sample=1960,"r=1.000,g=1.000,b=0.000,a=1.000"
2026-05-08T23:19:09.904485+00:00,led_color,sample=1970,"r=1.000,g=1.000,b=0.000,a=1.000"
2026-05-08T23:19:09.910891+00:00,led_color,sample=1980,"r=1.000,g=1.000,b=0.000,a=1.000"
2026-05-08T23:19:09.917109+00:00,led_color,sample=1990,"r=1.000,g=1.000,b=0.000,a=1.000"
2026-05-08T23:19:09.923214+00:00,led_color,sample=2000,"r=1.000,g=1.000,b=0.000,a=1.000"
2026-05-08T23:19:09.929416+00:00,led_color,sample=2010,"r=1.000,g=1.000,b=0.000,a=1.000"
2026-05-08T23:19:09.935771+00:00,led_color,sample=2020,"r=1.000,g=1.000,b=0.000,a=1.000"
2026-05-08T23:19:09.943240+00:00,led_color,sample=2030,"r=1.000,g=1.000,b=0.000,a=1.000"
2026-05-08T23:19:09.949280+00:00,led_color,sample=2040,"r=1.000,g=1.000,b=0.000,a=1.000"
2026-05-08T23:19:09.958387+00:00,led_color,sample=2050,"r=1.000,g=1.000,b=0.000,a=1.000"
2026-05-08T23:19:09.965503+00:00,led_color,sample=2060,"r=1.000,g=1.000,b=0.000,a=1.000"
2026-05-08T23:19:09.972951+00:00,led_color,sample=2070,"r=1.000,g=1.000,b=0.000,a=1.000"
2026-05-08T23:19:09.979108+00:00,led_color,sample=2080,"r=1.000,g=1.000,b=0.000,a=1.000"
2026-05-08T23:19:10.007460+00:00,led_color,sample=2090,"r=1.000,g=1.000,b=0.000,a=1.000"
2026-05-08T23:19:10.013860+00:00,led_color,sample=2100,"r=1.000,g=1.000,b=0.000,a=1.000"
2026-05-08T23:19:10.025003+00:00,led_color,sample=2110,"r=1.000,g=1.000,b=0.000,a=1.000"
2026-05-08T23:19:10.031330+00:00,led_color,sample=2120,"r=1.000,g=1.000,b=0.000,a=1.000"
2026-05-08T23:19:10.037260+00:00,led_color,sample=2130,"r=1.000,g=1.000,b=0.000,a=1.000"
2026-05-08T23:19:10.057515+00:00,led_color,sample=2140,"r=1.000,g=1.000,b=0.000,a=1.000"
2026-05-08T23:19:10.063684+00:00,led_color,sample=2150,"r=1.000,g=1.000,b=0.000,a=1.000"
2026-05-08T23:19:10.072835+00:00,led_color,sample=2160,"r=1.000,g=1.000,b=0.000,a=1.000"
2026-05-08T23:19:10.078914+00:00,led_color,sample=2170,"r=1.000,g=1.000,b=0.000,a=1.000"
2026-05-08T23:19:10.088054+00:00,led_color,sample=2180,"r=1.000,g=1.000,b=0.000,a=1.000"
2026-05-08T23:19:10.099828+00:00,led_color,sample=2190,"r=1.000,g=1.000,b=0.000,a=1.000"
2026-05-08T23:19:10.114145+00:00,led_color,sample=2200,"r=1.000,g=1.000,b=0.000,a=1.000"
2026-05-08T23:19:10.120280+00:00,led_color,sample=2210,"r=1.000,g=1.000,b=0.000,a=1.000"
2026-05-08T23:19:10.161451+00:00,led_color,sample=2220,"r=1.000,g=1.000,b=0.000,a=1.000"
2026-05-08T23:19:10.167909+00:00,led_color,sample=2230,"r=1.000,g=1.000,b=0.000,a=1.000"
2026-05-08T23:19:10.175121+00:00,led_color,sample=2240,"r=1.000,g=1.000,b=0.000,a=1.000"
2026-05-08T23:19:10.181690+00:00,led_color,sample=2250,"r=1.000,g=1.000,b=0.000,a=1.000"
2026-05-08T23:19:10.188286+00:00,led_color,sample=2260,"r=1.000,g=1.000,b=0.000,a=1.000"
2026-05-08T23:19:10.198324+00:00,led_color,sample=2270,"r=1.000,g=1.000,b=0.000,a=1.000"
2026-05-08T23:19:10.205664+00:00,led_color,sample=2280,"r=1.000,g=1.000,b=0.000,a=1.000"
2026-05-08T23:19:10.211853+00:00,led_color,sample=2290,"r=1.000,g=1.000,b=0.000,a=1.000"
2026-05-08T23:19:10.239570+00:00,led_color,sample=2300,"r=1.000,g=1.000,b=0.000,a=1.000"
2026-05-08T23:19:10.246207+00:00,led_color,sample=2310,"r=1.000,g=1.000,b=0.000,a=1.000"
2026-05-08T23:19:10.256611+00:00,led_color,sample=2320,"r=1.000,g=1.000,b=0.000,a=1.000"
2026-05-08T23:19:10.262857+00:00,led_color,sample=2330,"r=1.000,g=1.000,b=0.000,a=1.000"
2026-05-08T23:19:10.269348+00:00,led_color,sample=2340,"r=0.000,g=0.000,b=1.000,a=1.000"
2026-05-08T23:19:10.281126+00:00,led_color,sample=2350,"r=1.000,g=1.000,b=0.000,a=1.000"
2026-05-08T23:19:10.287492+00:00,led_color,sample=2360,"r=1.000,g=1.000,b=0.000,a=1.000"
2026-05-08T23:19:10.297127+00:00,led_color,sample=2370,"r=1.000,g=1.000,b=0.000,a=1.000"
2026-05-08T23:19:10.303112+00:00,led_color,sample=2380,"r=1.000,g=1.000,b=0.000,a=1.000"
2026-05-08T23:19:10.315185+00:00,led_color,sample=2390,"r=1.000,g=1.000,b=0.000,a=1.000"
2026-05-08T23:19:10.326987+00:00,led_color,sample=2400,"r=1.000,g=1.000,b=0.000,a=1.000"
2026-05-08T23:19:10.333178+00:00,led_color,sample=2410,"r=1.000,g=1.000,b=0.000,a=1.000"
2026-05-08T23:19:10.340947+00:00,led_color,sample=2420,"r=1.000,g=1.000,b=0.000,a=1.000"
2026-05-08T23:19:10.347442+00:00,led_color,sample=2430,"r=1.000,g=1.000,b=0.000,a=1.000"
2026-05-08T23:19:10.359035+00:00,led_color,sample=2440,"r=1.000,g=1.000,b=0.000,a=1.000"
2026-05-08T23:19:10.365308+00:00,led_color,sample=2450,"r=1.000,g=1.000,b=0.000,a=1.000"
2026-05-08T23:19:10.386965+00:00,led_color,sample=2460,"r=1.000,g=1.000,b=0.000,a=1.000"
2026-05-08T23:19:10.393425+00:00,led_color,sample=2470,"r=1.000,g=1.000,b=0.000,a=1.000"
2026-05-08T23:19:10.399372+00:00,led_color,sample=2480,"r=1.000,g=1.000,b=0.000,a=1.000"
2026-05-08T23:19:10.414268+00:00,led_color,sample=2490,"r=1.000,g=1.000,b=0.000,a=1.000"
2026-05-08T23:19:10.433896+00:00,led_color,sample=2500,"r=1.000,g=1.000,b=0.000,a=1.000"
2026-05-08T23:19:10.443137+00:00,led_color,sample=2510,"r=1.000,g=1.000,b=0.000,a=1.000"
2026-05-08T23:19:10.450608+00:00,led_color,sample=2520,"r=1.000,g=1.000,b=0.000,a=1.000"
2026-05-08T23:19:10.456831+00:00,led_color,sample=2530,"r=1.000,g=1.000,b=0.000,a=1.000"
2026-05-08T23:19:10.464195+00:00,led_color,sample=2540,"r=1.000,g=1.000,b=0.000,a=1.000"
2026-05-08T23:19:10.468069+00:00,qbot_led_color,sample=40,"0.000,0.000,1.000"
2026-05-08T23:19:10.472568+00:00,led_color,sample=2550,"r=1.000,g=1.000,b=0.000,a=1.000"
2026-05-08T23:19:10.484800+00:00,led_color,sample=2560,"r=1.000,g=1.000,b=0.000,a=1.000"
2026-05-08T23:19:10.490820+00:00,led_color,sample=2570,"r=1.000,g=1.000,b=0.000,a=1.000"
2026-05-08T23:19:10.534475+00:00,led_color,sample=2580,"r=1.000,g=1.000,b=0.000,a=1.000"
2026-05-08T23:19:10.541146+00:00,led_color,sample=2590,"r=1.000,g=1.000,b=0.000,a=1.000"
2026-05-08T23:19:10.559612+00:00,led_color,sample=2600,"r=1.000,g=1.000,b=0.000,a=1.000"
2026-05-08T23:19:10.565836+00:00,led_color,sample=2610,"r=1.000,g=1.000,b=0.000,a=1.000"
2026-05-08T23:19:10.572142+00:00,led_color,sample=2620,"r=1.000,g=1.000,b=0.000,a=1.000"
2026-05-08T23:19:10.578246+00:00,led_color,sample=2630,"r=1.000,g=1.000,b=0.000,a=1.000"
2026-05-08T23:19:10.584373+00:00,led_color,sample=2640,"r=0.000,g=0.000,b=1.000,a=1.000"
2026-05-08T23:19:10.598155+00:00,led_color,sample=2650,"r=1.000,g=1.000,b=0.000,a=1.000"
2026-05-08T23:19:10.603973+00:00,led_color,sample=2660,"r=1.000,g=1.000,b=0.000,a=1.000"
2026-05-08T23:19:10.611193+00:00,led_color,sample=2670,"r=1.000,g=1.000,b=0.000,a=1.000"
2026-05-08T23:19:10.618168+00:00,led_color,sample=2680,"r=1.000,g=1.000,b=0.000,a=1.000"
2026-05-08T23:19:10.652516+00:00,led_color,sample=2690,"r=1.000,g=1.000,b=0.000,a=1.000"
2026-05-08T23:19:10.658700+00:00,led_color,sample=2700,"r=1.000,g=1.000,b=0.000,a=1.000"
2026-05-08T23:19:10.671830+00:00,led_color,sample=2710,"r=1.000,g=1.000,b=0.000,a=1.000"
2026-05-08T23:19:10.680188+00:00,led_color,sample=2720,"r=1.000,g=1.000,b=0.000,a=1.000"
2026-05-08T23:19:10.686472+00:00,led_color,sample=2730,"r=1.000,g=1.000,b=0.000,a=1.000"
2026-05-08T23:19:10.692277+00:00,led_color,sample=2740,"r=1.000,g=1.000,b=0.000,a=1.000"
2026-05-08T23:19:10.697957+00:00,led_color,sample=2750,"r=1.000,g=1.000,b=0.000,a=1.000"
2026-05-08T23:19:10.721780+00:00,led_color,sample=2760,"r=1.000,g=1.000,b=0.000,a=1.000"
2026-05-08T23:19:10.727959+00:00,led_color,sample=2770,"r=1.000,g=1.000,b=0.000,a=1.000"
2026-05-08T23:19:10.757316+00:00,led_color,sample=2780,"r=1.000,g=1.000,b=0.000,a=1.000"
2026-05-08T23:19:10.763846+00:00,led_color,sample=2790,"r=1.000,g=1.000,b=0.000,a=1.000"
2026-05-08T23:19:10.770848+00:00,led_color,sample=2800,"r=1.000,g=1.000,b=0.000,a=1.000"
2026-05-08T23:19:10.777861+00:00,led_color,sample=2810,"r=1.000,g=1.000,b=0.000,a=1.000"
2026-05-08T23:19:10.798868+00:00,led_color,sample=2820,"r=1.000,g=1.000,b=0.000,a=1.000"
2026-05-08T23:19:10.805472+00:00,led_color,sample=2830,"r=1.000,g=1.000,b=0.000,a=1.000"
2026-05-08T23:19:10.817991+00:00,led_color,sample=2840,"r=1.000,g=1.000,b=0.000,a=1.000"
2026-05-08T23:19:10.824027+00:00,led_color,sample=2850,"r=1.000,g=1.000,b=0.000,a=1.000"
2026-05-08T23:19:10.834717+00:00,led_color,sample=2860,"r=1.000,g=1.000,b=0.000,a=1.000"
2026-05-08T23:19:10.848229+00:00,led_color,sample=2870,"r=1.000,g=1.000,b=0.000,a=1.000"
2026-05-08T23:19:10.858571+00:00,led_color,sample=2880,"r=1.000,g=1.000,b=0.000,a=1.000"
2026-05-08T23:19:10.864419+00:00,led_color,sample=2890,"r=1.000,g=1.000,b=0.000,a=1.000"
2026-05-08T23:19:10.870741+00:00,led_color,sample=2900,"r=1.000,g=1.000,b=0.000,a=1.000"
2026-05-08T23:19:10.876653+00:00,led_color,sample=2910,"r=1.000,g=1.000,b=0.000,a=1.000"
2026-05-08T23:19:10.882666+00:00,led_color,sample=2920,"r=1.000,g=1.000,b=0.000,a=1.000"
2026-05-08T23:19:10.908252+00:00,led_color,sample=2930,"r=1.000,g=1.000,b=0.000,a=1.000"
2026-05-08T23:19:10.914517+00:00,led_color,sample=2940,"r=1.000,g=1.000,b=0.000,a=1.000"
2026-05-08T23:19:10.921687+00:00,led_color,sample=2950,"r=1.000,g=1.000,b=0.000,a=1.000"
2026-05-08T23:19:10.927710+00:00,led_color,sample=2960,"r=1.000,g=1.000,b=0.000,a=1.000"
2026-05-08T23:19:10.933571+00:00,led_color,sample=2970,"r=1.000,g=1.000,b=0.000,a=1.000"
2026-05-08T23:19:10.939334+00:00,led_color,sample=2980,"r=1.000,g=1.000,b=0.000,a=1.000"
2026-05-08T23:19:10.972553+00:00,led_color,sample=2990,"r=1.000,g=1.000,b=0.000,a=1.000"
2026-05-08T23:19:10.978758+00:00,led_color,sample=3000,"r=1.000,g=1.000,b=0.000,a=1.000"
2026-05-08T23:19:10.987194+00:00,led_color,sample=3010,"r=1.000,g=1.000,b=0.000,a=1.000"
2026-05-08T23:19:11.008001+00:00,led_color,sample=3020,"r=1.000,g=1.000,b=0.000,a=1.000"
2026-05-08T23:19:11.014264+00:00,led_color,sample=3030,"r=1.000,g=1.000,b=0.000,a=1.000"
2026-05-08T23:19:11.024239+00:00,led_color,sample=3040,"r=1.000,g=1.000,b=0.000,a=1.000"
2026-05-08T23:19:11.030917+00:00,led_color,sample=3050,"r=1.000,g=1.000,b=0.000,a=1.000"
2026-05-08T23:19:11.046853+00:00,led_color,sample=3060,"r=1.000,g=1.000,b=0.000,a=1.000"
2026-05-08T23:19:11.071973+00:00,led_color,sample=3070,"r=1.000,g=1.000,b=0.000,a=1.000"
2026-05-08T23:19:11.109763+00:00,led_color,sample=3080,"r=1.000,g=1.000,b=0.000,a=1.000"
2026-05-08T23:19:11.119644+00:00,led_color,sample=3090,"r=1.000,g=1.000,b=0.000,a=1.000"
2026-05-08T23:19:11.133515+00:00,led_color,sample=3100,"r=1.000,g=1.000,b=0.000,a=1.000"
2026-05-08T23:19:11.142922+00:00,led_color,sample=3110,"r=1.000,g=1.000,b=0.000,a=1.000"
2026-05-08T23:19:11.179437+00:00,led_color,sample=3120,"r=1.000,g=1.000,b=0.000,a=1.000"
2026-05-08T23:19:11.186358+00:00,led_color,sample=3130,"r=1.000,g=1.000,b=0.000,a=1.000"
2026-05-08T23:19:11.195651+00:00,led_color,sample=3140,"r=1.000,g=1.000,b=0.000,a=1.000"
2026-05-08T23:19:11.205901+00:00,led_color,sample=3150,"r=1.000,g=1.000,b=0.000,a=1.000"
2026-05-08T23:19:11.212421+00:00,led_color,sample=3160,"r=1.000,g=1.000,b=0.000,a=1.000"
2026-05-08T23:19:11.218725+00:00,led_color,sample=3170,"r=1.000,g=1.000,b=0.000,a=1.000"
2026-05-08T23:19:11.225223+00:00,led_color,sample=3180,"r=1.000,g=1.000,b=0.000,a=1.000"
2026-05-08T23:19:11.233382+00:00,led_color,sample=3190,"r=1.000,g=1.000,b=0.000,a=1.000"
2026-05-08T23:19:11.239546+00:00,led_color,sample=3200,"r=1.000,g=1.000,b=0.000,a=1.000"
2026-05-08T23:19:11.252061+00:00,led_color,sample=3210,"r=1.000,g=1.000,b=0.000,a=1.000"
2026-05-08T23:19:11.258556+00:00,led_color,sample=3220,"r=1.000,g=1.000,b=0.000,a=1.000"
2026-05-08T23:19:11.264703+00:00,led_color,sample=3230,"r=1.000,g=1.000,b=0.000,a=1.000"
2026-05-08T23:19:11.279029+00:00,led_color,sample=3240,"r=1.000,g=1.000,b=0.000,a=1.000"
2026-05-08T23:19:11.285500+00:00,led_color,sample=3250,"r=1.000,g=1.000,b=0.000,a=1.000"
2026-05-08T23:19:11.311359+00:00,led_color,sample=3260,"r=1.000,g=1.000,b=0.000,a=1.000"
2026-05-08T23:19:11.319138+00:00,led_color,sample=3270,"r=1.000,g=1.000,b=0.000,a=1.000"
2026-05-08T23:19:11.337206+00:00,led_color,sample=3280,"r=1.000,g=1.000,b=0.000,a=1.000"
2026-05-08T23:19:11.351202+00:00,led_color,sample=3290,"r=1.000,g=1.000,b=0.000,a=1.000"
2026-05-08T23:19:11.358950+00:00,led_color,sample=3300,"r=1.000,g=1.000,b=0.000,a=1.000"
2026-05-08T23:19:11.365660+00:00,led_color,sample=3310,"r=1.000,g=1.000,b=0.000,a=1.000"
2026-05-08T23:19:11.372603+00:00,led_color,sample=3320,"r=1.000,g=1.000,b=0.000,a=1.000"
2026-05-08T23:19:11.379382+00:00,led_color,sample=3330,"r=1.000,g=1.000,b=0.000,a=1.000"
2026-05-08T23:19:11.386103+00:00,led_color,sample=3340,"r=1.000,g=1.000,b=0.000,a=1.000"
2026-05-08T23:19:11.396232+00:00,led_color,sample=3350,"r=1.000,g=1.000,b=0.000,a=1.000"
2026-05-08T23:19:11.402872+00:00,led_color,sample=3360,"r=1.000,g=1.000,b=0.000,a=1.000"
2026-05-08T23:19:11.411850+00:00,led_color,sample=3370,"r=1.000,g=1.000,b=0.000,a=1.000"
2026-05-08T23:19:11.418558+00:00,led_color,sample=3380,"r=1.000,g=1.000,b=0.000,a=1.000"
2026-05-08T23:19:11.425379+00:00,led_color,sample=3390,"r=1.000,g=1.000,b=0.000,a=1.000"
2026-05-08T23:19:11.449742+00:00,led_color,sample=3400,"r=1.000,g=1.000,b=0.000,a=1.000"
2026-05-08T23:19:11.468707+00:00,qbot_led_color,sample=50,"0.000,0.000,1.000"
2026-05-08T23:19:11.482833+00:00,led_color,sample=3410,"r=1.000,g=1.000,b=0.000,a=1.000"
2026-05-08T23:19:11.491537+00:00,led_color,sample=3420,"r=1.000,g=1.000,b=0.000,a=1.000"
2026-05-08T23:19:11.498290+00:00,led_color,sample=3430,"r=1.000,g=1.000,b=0.000,a=1.000"
2026-05-08T23:19:11.509156+00:00,led_color,sample=3440,"r=1.000,g=1.000,b=0.000,a=1.000"
2026-05-08T23:19:11.517365+00:00,led_color,sample=3450,"r=1.000,g=1.000,b=0.000,a=1.000"
2026-05-08T23:19:11.523883+00:00,led_color,sample=3460,"r=1.000,g=1.000,b=0.000,a=1.000"
2026-05-08T23:19:11.532989+00:00,led_color,sample=3470,"r=1.000,g=1.000,b=0.000,a=1.000"
2026-05-08T23:19:11.539627+00:00,led_color,sample=3480,"r=1.000,g=1.000,b=0.000,a=1.000"
2026-05-08T23:19:11.546839+00:00,led_color,sample=3490,"r=1.000,g=1.000,b=0.000,a=1.000"
2026-05-08T23:19:11.567696+00:00,led_color,sample=3500,"r=0.000,g=0.000,b=1.000,a=1.000"
2026-05-08T23:19:11.588917+00:00,led_color,sample=3510,"r=1.000,g=1.000,b=0.000,a=1.000"
2026-05-08T23:19:11.595909+00:00,led_color,sample=3520,"r=1.000,g=1.000,b=0.000,a=1.000"
2026-05-08T23:19:11.617444+00:00,led_color,sample=3530,"r=1.000,g=1.000,b=0.000,a=1.000"
2026-05-08T23:19:11.624437+00:00,led_color,sample=3540,"r=1.000,g=1.000,b=0.000,a=1.000"
2026-05-08T23:19:11.631054+00:00,led_color,sample=3550,"r=1.000,g=1.000,b=0.000,a=1.000"
2026-05-08T23:19:11.672939+00:00,led_color,sample=3560,"r=1.000,g=1.000,b=0.000,a=1.000"
2026-05-08T23:19:11.679650+00:00,led_color,sample=3570,"r=1.000,g=1.000,b=0.000,a=1.000"
2026-05-08T23:19:11.686478+00:00,led_color,sample=3580,"r=1.000,g=1.000,b=0.000,a=1.000"
2026-05-08T23:19:11.693232+00:00,led_color,sample=3590,"r=1.000,g=1.000,b=0.000,a=1.000"
2026-05-08T23:19:11.699819+00:00,led_color,sample=3600,"r=1.000,g=1.000,b=0.000,a=1.000"
2026-05-08T23:19:11.721905+00:00,led_color,sample=3610,"r=1.000,g=1.000,b=0.000,a=1.000"
2026-05-08T23:19:11.728378+00:00,led_color,sample=3620,"r=1.000,g=1.000,b=0.000,a=1.000"
2026-05-08T23:19:11.735146+00:00,led_color,sample=3630,"r=1.000,g=1.000,b=0.000,a=1.000"
2026-05-08T23:19:11.743760+00:00,led_color,sample=3640,"r=1.000,g=1.000,b=0.000,a=1.000"
2026-05-08T23:19:11.769494+00:00,led_color,sample=3650,"r=1.000,g=1.000,b=0.000,a=1.000"
2026-05-08T23:19:11.776155+00:00,led_color,sample=3660,"r=1.000,g=1.000,b=0.000,a=1.000"
2026-05-08T23:19:11.782806+00:00,led_color,sample=3670,"r=1.000,g=1.000,b=0.000,a=1.000"
2026-05-08T23:19:11.789070+00:00,led_color,sample=3680,"r=1.000,g=1.000,b=0.000,a=1.000"
2026-05-08T23:19:11.802192+00:00,led_color,sample=3690,"r=1.000,g=1.000,b=0.000,a=1.000"
2026-05-08T23:19:11.817209+00:00,led_color,sample=3700,"r=1.000,g=1.000,b=0.000,a=1.000"
2026-05-08T23:19:11.836269+00:00,led_color,sample=3710,"r=1.000,g=1.000,b=0.000,a=1.000"
2026-05-08T23:19:11.855966+00:00,led_color,sample=3720,"r=1.000,g=1.000,b=0.000,a=1.000"
2026-05-08T23:19:11.863764+00:00,led_color,sample=3730,"r=1.000,g=1.000,b=0.000,a=1.000"
2026-05-08T23:19:11.877384+00:00,led_color,sample=3740,"r=1.000,g=1.000,b=0.000,a=1.000"
2026-05-08T23:19:11.885212+00:00,led_color,sample=3750,"r=1.000,g=1.000,b=0.000,a=1.000"
2026-05-08T23:19:11.894890+00:00,led_color,sample=3760,"r=1.000,g=1.000,b=0.000,a=1.000"
2026-05-08T23:19:11.902223+00:00,led_color,sample=3770,"r=1.000,g=1.000,b=0.000,a=1.000"
2026-05-08T23:19:11.908662+00:00,led_color,sample=3780,"r=1.000,g=1.000,b=0.000,a=1.000"
2026-05-08T23:19:11.924056+00:00,led_color,sample=3790,"r=1.000,g=1.000,b=0.000,a=1.000"
2026-05-08T23:19:11.931276+00:00,led_color,sample=3800,"r=1.000,g=1.000,b=0.000,a=1.000"
2026-05-08T23:19:11.938784+00:00,led_color,sample=3810,"r=1.000,g=1.000,b=0.000,a=1.000"
2026-05-08T23:19:11.945885+00:00,led_color,sample=3820,"r=1.000,g=1.000,b=0.000,a=1.000"
2026-05-08T23:19:11.952379+00:00,led_color,sample=3830,"r=1.000,g=1.000,b=0.000,a=1.000"
2026-05-08T23:19:11.958982+00:00,led_color,sample=3840,"r=1.000,g=1.000,b=0.000,a=1.000"
2026-05-08T23:19:11.965280+00:00,led_color,sample=3850,"r=1.000,g=1.000,b=0.000,a=1.000"
2026-05-08T23:19:11.973991+00:00,led_color,sample=3860,"r=1.000,g=1.000,b=0.000,a=1.000"
2026-05-08T23:19:12.003592+00:00,led_color,sample=3870,"r=1.000,g=1.000,b=0.000,a=1.000"
2026-05-08T23:19:12.009876+00:00,led_color,sample=3880,"r=1.000,g=1.000,b=0.000,a=1.000"
2026-05-08T23:19:12.020004+00:00,led_color,sample=3890,"r=1.000,g=1.000,b=0.000,a=1.000"
2026-05-08T23:19:12.026694+00:00,led_color,sample=3900,"r=1.000,g=1.000,b=0.000,a=1.000"
2026-05-08T23:19:12.039033+00:00,led_color,sample=3910,"r=1.000,g=1.000,b=0.000,a=1.000"
2026-05-08T23:19:12.045371+00:00,led_color,sample=3920,"r=1.000,g=1.000,b=0.000,a=1.000"
2026-05-08T23:19:12.054090+00:00,led_color,sample=3930,"r=1.000,g=1.000,b=0.000,a=1.000"
2026-05-08T23:19:12.063322+00:00,led_color,sample=3940,"r=1.000,g=1.000,b=0.000,a=1.000"
2026-05-08T23:19:12.072851+00:00,led_color,sample=3950,"r=1.000,g=1.000,b=0.000,a=1.000"
2026-05-08T23:19:12.079186+00:00,led_color,sample=3960,"r=1.000,g=1.000,b=0.000,a=1.000"
2026-05-08T23:19:12.085313+00:00,led_color,sample=3970,"r=1.000,g=1.000,b=0.000,a=1.000"
2026-05-08T23:19:12.091476+00:00,led_color,sample=3980,"r=1.000,g=1.000,b=0.000,a=1.000"
2026-05-08T23:19:12.103139+00:00,led_color,sample=3990,"r=1.000,g=1.000,b=0.000,a=1.000"
2026-05-08T23:19:12.109226+00:00,led_color,sample=4000,"r=1.000,g=1.000,b=0.000,a=1.000"
2026-05-08T23:19:12.116564+00:00,led_color,sample=4010,"r=1.000,g=1.000,b=0.000,a=1.000"
2026-05-08T23:19:12.125750+00:00,led_color,sample=4020,"r=1.000,g=1.000,b=0.000,a=1.000"
2026-05-08T23:19:12.133062+00:00,led_color,sample=4030,"r=1.000,g=1.000,b=0.000,a=1.000"
2026-05-08T23:19:12.139210+00:00,led_color,sample=4040,"r=1.000,g=1.000,b=0.000,a=1.000"
2026-05-08T23:19:12.146207+00:00,led_color,sample=4050,"r=1.000,g=1.000,b=0.000,a=1.000"
2026-05-08T23:19:12.172242+00:00,led_color,sample=4060,"r=1.000,g=1.000,b=0.000,a=1.000"
2026-05-08T23:19:12.184439+00:00,led_color,sample=4070,"r=1.000,g=1.000,b=0.000,a=1.000"
2026-05-08T23:19:12.190484+00:00,led_color,sample=4080,"r=1.000,g=1.000,b=0.000,a=1.000"
2026-05-08T23:19:12.207646+00:00,led_color,sample=4090,"r=1.000,g=1.000,b=0.000,a=1.000"
2026-05-08T23:19:12.231263+00:00,led_color,sample=4100,"r=1.000,g=1.000,b=0.000,a=1.000"
2026-05-08T23:19:12.238382+00:00,led_color,sample=4110,"r=1.000,g=1.000,b=0.000,a=1.000"
2026-05-08T23:19:12.250335+00:00,led_color,sample=4120,"r=1.000,g=1.000,b=0.000,a=1.000"
2026-05-08T23:19:12.256372+00:00,led_color,sample=4130,"r=1.000,g=1.000,b=0.000,a=1.000"
2026-05-08T23:19:12.262422+00:00,led_color,sample=4140,"r=1.000,g=1.000,b=0.000,a=1.000"
2026-05-08T23:19:12.306845+00:00,led_color,sample=4150,"r=1.000,g=1.000,b=0.000,a=1.000"
2026-05-08T23:19:12.313054+00:00,led_color,sample=4160,"r=1.000,g=1.000,b=0.000,a=1.000"
2026-05-08T23:19:12.319217+00:00,led_color,sample=4170,"r=1.000,g=1.000,b=0.000,a=1.000"
2026-05-08T23:19:12.341353+00:00,led_color,sample=4180,"r=1.000,g=1.000,b=0.000,a=1.000"
2026-05-08T23:19:12.350306+00:00,led_color,sample=4190,"r=1.000,g=1.000,b=0.000,a=1.000"
2026-05-08T23:19:12.358326+00:00,led_color,sample=4200,"r=1.000,g=1.000,b=0.000,a=1.000"
2026-05-08T23:19:12.377095+00:00,led_color,sample=4210,"r=1.000,g=1.000,b=0.000,a=1.000"
2026-05-08T23:19:12.385937+00:00,led_color,sample=4220,"r=1.000,g=1.000,b=0.000,a=1.000"
2026-05-08T23:19:12.392490+00:00,led_color,sample=4230,"r=1.000,g=1.000,b=0.000,a=1.000"
2026-05-08T23:19:12.399182+00:00,led_color,sample=4240,"r=1.000,g=1.000,b=0.000,a=1.000"
2026-05-08T23:19:12.405312+00:00,led_color,sample=4250,"r=1.000,g=1.000,b=0.000,a=1.000"
2026-05-08T23:19:12.411806+00:00,led_color,sample=4260,"r=1.000,g=1.000,b=0.000,a=1.000"
2026-05-08T23:19:12.418204+00:00,led_color,sample=4270,"r=1.000,g=1.000,b=0.000,a=1.000"
2026-05-08T23:19:12.429315+00:00,led_color,sample=4280,"r=1.000,g=1.000,b=0.000,a=1.000"
2026-05-08T23:19:12.435592+00:00,led_color,sample=4290,"r=1.000,g=1.000,b=0.000,a=1.000"
2026-05-08T23:19:12.451512+00:00,led_color,sample=4300,"r=1.000,g=1.000,b=0.000,a=1.000"
2026-05-08T23:19:12.457834+00:00,led_color,sample=4310,"r=1.000,g=1.000,b=0.000,a=1.000"
2026-05-08T23:19:12.464991+00:00,led_color,sample=4320,"r=1.000,g=1.000,b=0.000,a=1.000"
2026-05-08T23:19:12.469131+00:00,qbot_led_color,sample=60,"0.000,0.000,1.000"
2026-05-08T23:19:12.472755+00:00,led_color,sample=4330,"r=1.000,g=1.000,b=0.000,a=1.000"
2026-05-08T23:19:12.480079+00:00,led_color,sample=4340,"r=0.000,g=0.000,b=1.000,a=1.000"
2026-05-08T23:19:12.510750+00:00,led_color,sample=4350,"r=1.000,g=1.000,b=0.000,a=1.000"
2026-05-08T23:19:12.519173+00:00,led_color,sample=4360,"r=1.000,g=1.000,b=0.000,a=1.000"
2026-05-08T23:19:12.534049+00:00,led_color,sample=4370,"r=1.000,g=1.000,b=0.000,a=1.000"
2026-05-08T23:19:12.543538+00:00,led_color,sample=4380,"r=1.000,g=1.000,b=0.000,a=1.000"
2026-05-08T23:19:12.583917+00:00,led_color,sample=4390,"r=1.000,g=1.000,b=0.000,a=1.000"
2026-05-08T23:19:12.600737+00:00,led_color,sample=4400,"r=1.000,g=1.000,b=0.000,a=1.000"
2026-05-08T23:19:12.613734+00:00,led_color,sample=4410,"r=1.000,g=1.000,b=0.000,a=1.000"
2026-05-08T23:19:12.620747+00:00,led_color,sample=4420,"r=1.000,g=1.000,b=0.000,a=1.000"
2026-05-08T23:19:12.627928+00:00,led_color,sample=4430,"r=1.000,g=1.000,b=0.000,a=1.000"
2026-05-08T23:19:12.685555+00:00,led_color,sample=4440,"r=1.000,g=1.000,b=0.000,a=1.000"
2026-05-08T23:19:12.696528+00:00,led_color,sample=4450,"r=1.000,g=1.000,b=0.000,a=1.000"
2026-05-08T23:19:12.702752+00:00,led_color,sample=4460,"r=1.000,g=1.000,b=0.000,a=1.000"
2026-05-08T23:19:12.714307+00:00,led_color,sample=4470,"r=1.000,g=1.000,b=0.000,a=1.000"
2026-05-08T23:19:12.762298+00:00,led_color,sample=4480,"r=1.000,g=1.000,b=0.000,a=1.000"
2026-05-08T23:19:12.769499+00:00,led_color,sample=4490,"r=1.000,g=1.000,b=0.000,a=1.000"
2026-05-08T23:19:12.777290+00:00,led_color,sample=4500,"r=1.000,g=1.000,b=0.000,a=1.000"
2026-05-08T23:19:12.783777+00:00,led_color,sample=4510,"r=1.000,g=1.000,b=0.000,a=1.000"
2026-05-08T23:19:12.792814+00:00,led_color,sample=4520,"r=1.000,g=1.000,b=0.000,a=1.000"
2026-05-08T23:19:12.816210+00:00,led_color,sample=4530,"r=1.000,g=1.000,b=0.000,a=1.000"
2026-05-08T23:19:12.823063+00:00,led_color,sample=4540,"r=1.000,g=1.000,b=0.000,a=1.000"
2026-05-08T23:19:12.829660+00:00,led_color,sample=4550,"r=1.000,g=1.000,b=0.000,a=1.000"
2026-05-08T23:19:12.837900+00:00,led_color,sample=4560,"r=1.000,g=1.000,b=0.000,a=1.000"
2026-05-08T23:19:12.844672+00:00,led_color,sample=4570,"r=1.000,g=1.000,b=0.000,a=1.000"
2026-05-08T23:19:12.856346+00:00,led_color,sample=4580,"r=1.000,g=1.000,b=0.000,a=1.000"
2026-05-08T23:19:12.865365+00:00,led_color,sample=4590,"r=1.000,g=1.000,b=0.000,a=1.000"
2026-05-08T23:19:12.872228+00:00,led_color,sample=4600,"r=1.000,g=1.000,b=0.000,a=1.000"
2026-05-08T23:19:12.919038+00:00,led_color,sample=4610,"r=1.000,g=1.000,b=0.000,a=1.000"
2026-05-08T23:19:12.926995+00:00,led_color,sample=4620,"r=1.000,g=1.000,b=0.000,a=1.000"
2026-05-08T23:19:12.951775+00:00,led_color,sample=4630,"r=1.000,g=1.000,b=0.000,a=1.000"
2026-05-08T23:19:12.969929+00:00,led_color,sample=4640,"r=1.000,g=1.000,b=0.000,a=1.000"
2026-05-08T23:19:12.978363+00:00,led_color,sample=4650,"r=1.000,g=1.000,b=0.000,a=1.000"
2026-05-08T23:19:12.984978+00:00,led_color,sample=4660,"r=1.000,g=1.000,b=0.000,a=1.000"
2026-05-08T23:19:13.026255+00:00,led_color,sample=4670,"r=1.000,g=1.000,b=0.000,a=1.000"
2026-05-08T23:19:13.032751+00:00,led_color,sample=4680,"r=1.000,g=1.000,b=0.000,a=1.000"
2026-05-08T23:19:13.068822+00:00,led_color,sample=4690,"r=1.000,g=1.000,b=0.000,a=1.000"
2026-05-08T23:19:13.082859+00:00,led_color,sample=4700,"r=1.000,g=1.000,b=0.000,a=1.000"
2026-05-08T23:19:13.090058+00:00,led_color,sample=4710,"r=1.000,g=1.000,b=0.000,a=1.000"
2026-05-08T23:19:13.121008+00:00,led_color,sample=4720,"r=1.000,g=1.000,b=0.000,a=1.000"
2026-05-08T23:19:13.127355+00:00,led_color,sample=4730,"r=1.000,g=1.000,b=0.000,a=1.000"
2026-05-08T23:19:13.134058+00:00,led_color,sample=4740,"r=1.000,g=1.000,b=0.000,a=1.000"
2026-05-08T23:19:13.164919+00:00,led_color,sample=4750,"r=1.000,g=1.000,b=0.000,a=1.000"
2026-05-08T23:19:13.172108+00:00,led_color,sample=4760,"r=1.000,g=1.000,b=0.000,a=1.000"
2026-05-08T23:19:13.179799+00:00,led_color,sample=4770,"r=1.000,g=1.000,b=0.000,a=1.000"
2026-05-08T23:19:13.187945+00:00,led_color,sample=4780,"r=1.000,g=1.000,b=0.000,a=1.000"
2026-05-08T23:19:13.210715+00:00,led_color,sample=4790,"r=1.000,g=1.000,b=0.000,a=1.000"
2026-05-08T23:19:13.216887+00:00,led_color,sample=4800,"r=1.000,g=1.000,b=0.000,a=1.000"
2026-05-08T23:19:13.227844+00:00,led_color,sample=4810,"r=1.000,g=1.000,b=0.000,a=1.000"
2026-05-08T23:19:13.234316+00:00,led_color,sample=4820,"r=1.000,g=1.000,b=0.000,a=1.000"
2026-05-08T23:19:13.240496+00:00,led_color,sample=4830,"r=1.000,g=1.000,b=0.000,a=1.000"
2026-05-08T23:19:13.251113+00:00,led_color,sample=4840,"r=1.000,g=1.000,b=0.000,a=1.000"
2026-05-08T23:19:13.264374+00:00,led_color,sample=4850,"r=1.000,g=1.000,b=0.000,a=1.000"
2026-05-08T23:19:13.293997+00:00,led_color,sample=4860,"r=1.000,g=1.000,b=0.000,a=1.000"
2026-05-08T23:19:13.301418+00:00,led_color,sample=4870,"r=1.000,g=1.000,b=0.000,a=1.000"
2026-05-08T23:19:13.308058+00:00,led_color,sample=4880,"r=1.000,g=1.000,b=0.000,a=1.000"
2026-05-08T23:19:13.324153+00:00,led_color,sample=4890,"r=1.000,g=1.000,b=0.000,a=1.000"
2026-05-08T23:19:13.330901+00:00,led_color,sample=4900,"r=1.000,g=1.000,b=0.000,a=1.000"
2026-05-08T23:19:13.338274+00:00,led_color,sample=4910,"r=1.000,g=1.000,b=0.000,a=1.000"
2026-05-08T23:19:13.345477+00:00,led_color,sample=4920,"r=1.000,g=1.000,b=0.000,a=1.000"
2026-05-08T23:19:13.358979+00:00,led_color,sample=4930,"r=1.000,g=1.000,b=0.000,a=1.000"
2026-05-08T23:19:13.366645+00:00,led_color,sample=4940,"r=1.000,g=1.000,b=0.000,a=1.000"
2026-05-08T23:19:13.374936+00:00,led_color,sample=4950,"r=1.000,g=1.000,b=0.000,a=1.000"
2026-05-08T23:19:13.381522+00:00,led_color,sample=4960,"r=1.000,g=1.000,b=0.000,a=1.000"
2026-05-08T23:19:13.404267+00:00,led_color,sample=4970,"r=1.000,g=1.000,b=0.000,a=1.000"
2026-05-08T23:19:13.410550+00:00,led_color,sample=4980,"r=1.000,g=1.000,b=0.000,a=1.000"
2026-05-08T23:19:13.425231+00:00,led_color,sample=4990,"r=1.000,g=1.000,b=0.000,a=1.000"
2026-05-08T23:19:13.431441+00:00,led_color,sample=5000,"r=1.000,g=1.000,b=0.000,a=1.000"
2026-05-08T23:19:13.437639+00:00,led_color,sample=5010,"r=1.000,g=1.000,b=0.000,a=1.000"
2026-05-08T23:19:13.444131+00:00,led_color,sample=5020,"r=1.000,g=1.000,b=0.000,a=1.000"
2026-05-08T23:19:13.454220+00:00,led_color,sample=5030,"r=1.000,g=1.000,b=0.000,a=1.000"
2026-05-08T23:19:13.468497+00:00,qbot_led_color,sample=70,"0.000,0.000,1.000"
2026-05-08T23:19:13.483348+00:00,led_color,sample=5040,"r=1.000,g=1.000,b=0.000,a=1.000"
2026-05-08T23:19:13.491358+00:00,led_color,sample=5050,"r=1.000,g=1.000,b=0.000,a=1.000"
2026-05-08T23:19:13.501894+00:00,led_color,sample=5060,"r=1.000,g=1.000,b=0.000,a=1.000"
2026-05-08T23:19:13.508567+00:00,led_color,sample=5070,"r=1.000,g=1.000,b=0.000,a=1.000"
2026-05-08T23:19:13.519221+00:00,led_color,sample=5080,"r=1.000,g=1.000,b=0.000,a=1.000"
2026-05-08T23:19:13.525941+00:00,led_color,sample=5090,"r=1.000,g=1.000,b=0.000,a=1.000"
2026-05-08T23:19:13.532272+00:00,led_color,sample=5100,"r=1.000,g=1.000,b=0.000,a=1.000"
2026-05-08T23:19:13.538534+00:00,led_color,sample=5110,"r=1.000,g=1.000,b=0.000,a=1.000"
2026-05-08T23:19:13.562946+00:00,led_color,sample=5120,"r=1.000,g=1.000,b=0.000,a=1.000"
2026-05-08T23:19:13.569666+00:00,led_color,sample=5130,"r=1.000,g=1.000,b=0.000,a=1.000"
2026-05-08T23:19:13.607785+00:00,led_color,sample=5140,"r=1.000,g=1.000,b=0.000,a=1.000"
2026-05-08T23:19:13.614228+00:00,led_color,sample=5150,"r=1.000,g=1.000,b=0.000,a=1.000"
2026-05-08T23:19:13.627952+00:00,led_color,sample=5160,"r=1.000,g=1.000,b=0.000,a=1.000"
2026-05-08T23:19:13.634181+00:00,led_color,sample=5170,"r=1.000,g=1.000,b=0.000,a=1.000"
2026-05-08T23:19:13.645901+00:00,led_color,sample=5180,"r=1.000,g=1.000,b=0.000,a=1.000"
2026-05-08T23:19:13.652918+00:00,led_color,sample=5190,"r=1.000,g=1.000,b=0.000,a=1.000"
2026-05-08T23:19:13.666012+00:00,led_color,sample=5200,"r=1.000,g=1.000,b=0.000,a=1.000"
2026-05-08T23:19:13.672788+00:00,led_color,sample=5210,"r=1.000,g=1.000,b=0.000,a=1.000"
2026-05-08T23:19:13.679135+00:00,led_color,sample=5220,"r=1.000,g=1.000,b=0.000,a=1.000"
2026-05-08T23:19:13.738842+00:00,led_color,sample=5230,"r=1.000,g=1.000,b=0.000,a=1.000"
2026-05-08T23:19:13.746074+00:00,led_color,sample=5240,"r=1.000,g=1.000,b=0.000,a=1.000"
2026-05-08T23:19:13.756614+00:00,led_color,sample=5250,"r=1.000,g=1.000,b=0.000,a=1.000"
2026-05-08T23:19:13.762897+00:00,led_color,sample=5260,"r=1.000,g=1.000,b=0.000,a=1.000"
2026-05-08T23:19:13.769182+00:00,led_color,sample=5270,"r=1.000,g=1.000,b=0.000,a=1.000"
2026-05-08T23:19:13.775868+00:00,led_color,sample=5280,"r=1.000,g=1.000,b=0.000,a=1.000"
2026-05-08T23:19:13.813150+00:00,led_color,sample=5290,"r=1.000,g=1.000,b=0.000,a=1.000"
2026-05-08T23:19:13.832981+00:00,led_color,sample=5300,"r=1.000,g=1.000,b=0.000,a=1.000"
2026-05-08T23:19:13.840007+00:00,led_color,sample=5310,"r=1.000,g=1.000,b=0.000,a=1.000"
2026-05-08T23:19:13.846727+00:00,led_color,sample=5320,"r=1.000,g=1.000,b=0.000,a=1.000"
2026-05-08T23:19:13.860937+00:00,led_color,sample=5330,"r=1.000,g=1.000,b=0.000,a=1.000"
2026-05-08T23:19:13.867071+00:00,led_color,sample=5340,"r=1.000,g=1.000,b=0.000,a=1.000"
2026-05-08T23:19:13.894324+00:00,led_color,sample=5350,"r=1.000,g=1.000,b=0.000,a=1.000"
2026-05-08T23:19:13.902861+00:00,led_color,sample=5360,"r=1.000,g=1.000,b=0.000,a=1.000"
2026-05-08T23:19:13.910488+00:00,led_color,sample=5370,"r=1.000,g=1.000,b=0.000,a=1.000"
2026-05-08T23:19:13.916747+00:00,led_color,sample=5380,"r=1.000,g=1.000,b=0.000,a=1.000"
2026-05-08T23:19:13.923151+00:00,led_color,sample=5390,"r=1.000,g=1.000,b=0.000,a=1.000"
2026-05-08T23:19:13.937273+00:00,led_color,sample=5400,"r=1.000,g=1.000,b=0.000,a=1.000"
2026-05-08T23:19:13.943803+00:00,led_color,sample=5410,"r=1.000,g=1.000,b=0.000,a=1.000"
2026-05-08T23:19:13.950020+00:00,led_color,sample=5420,"r=1.000,g=1.000,b=0.000,a=1.000"
2026-05-08T23:19:13.960102+00:00,led_color,sample=5430,"r=1.000,g=1.000,b=0.000,a=1.000"
2026-05-08T23:19:13.966569+00:00,led_color,sample=5440,"r=1.000,g=1.000,b=0.000,a=1.000"
2026-05-08T23:19:13.973718+00:00,led_color,sample=5450,"r=1.000,g=1.000,b=0.000,a=1.000"
2026-05-08T23:19:13.980318+00:00,led_color,sample=5460,"r=1.000,g=1.000,b=0.000,a=1.000"
2026-05-08T23:19:13.986843+00:00,led_color,sample=5470,"r=1.000,g=1.000,b=0.000,a=1.000"
2026-05-08T23:19:14.025432+00:00,led_color,sample=5480,"r=1.000,g=1.000,b=0.000,a=1.000"
2026-05-08T23:19:14.045943+00:00,led_color,sample=5490,"r=1.000,g=1.000,b=0.000,a=1.000"
2026-05-08T23:19:14.052823+00:00,led_color,sample=5500,"r=1.000,g=1.000,b=0.000,a=1.000"
2026-05-08T23:19:14.076813+00:00,led_color,sample=5510,"r=1.000,g=1.000,b=0.000,a=1.000"
2026-05-08T23:19:14.117104+00:00,led_color,sample=5520,"r=1.000,g=1.000,b=0.000,a=1.000"
2026-05-08T23:19:14.124707+00:00,led_color,sample=5530,"r=1.000,g=1.000,b=0.000,a=1.000"
2026-05-08T23:19:14.149888+00:00,led_color,sample=5540,"r=1.000,g=1.000,b=0.000,a=1.000"
2026-05-08T23:19:14.156419+00:00,led_color,sample=5550,"r=1.000,g=1.000,b=0.000,a=1.000"
2026-05-08T23:19:14.178667+00:00,led_color,sample=5560,"r=1.000,g=1.000,b=0.000,a=1.000"
2026-05-08T23:19:14.185145+00:00,led_color,sample=5570,"r=1.000,g=1.000,b=0.000,a=1.000"
2026-05-08T23:19:14.191413+00:00,led_color,sample=5580,"r=1.000,g=1.000,b=0.000,a=1.000"
2026-05-08T23:19:14.197557+00:00,led_color,sample=5590,"r=1.000,g=1.000,b=0.000,a=1.000"
2026-05-08T23:19:14.216572+00:00,led_color,sample=5600,"r=1.000,g=1.000,b=0.000,a=1.000"
2026-05-08T23:19:14.222594+00:00,led_color,sample=5610,"r=1.000,g=1.000,b=0.000,a=1.000"
2026-05-08T23:19:14.243532+00:00,led_color,sample=5620,"r=1.000,g=1.000,b=0.000,a=1.000"
2026-05-08T23:19:14.251647+00:00,led_color,sample=5630,"r=1.000,g=1.000,b=0.000,a=1.000"
2026-05-08T23:19:14.258203+00:00,led_color,sample=5640,"r=1.000,g=1.000,b=0.000,a=1.000"
2026-05-08T23:19:14.273465+00:00,led_color,sample=5650,"r=1.000,g=1.000,b=0.000,a=1.000"
2026-05-08T23:19:14.279650+00:00,led_color,sample=5660,"r=1.000,g=1.000,b=0.000,a=1.000"
2026-05-08T23:19:14.285679+00:00,led_color,sample=5670,"r=1.000,g=1.000,b=0.000,a=1.000"
2026-05-08T23:19:14.292805+00:00,led_color,sample=5680,"r=1.000,g=1.000,b=0.000,a=1.000"
2026-05-08T23:19:14.303286+00:00,led_color,sample=5690,"r=1.000,g=1.000,b=0.000,a=1.000"
2026-05-08T23:19:14.309418+00:00,led_color,sample=5700,"r=1.000,g=1.000,b=0.000,a=1.000"
2026-05-08T23:19:14.315267+00:00,led_color,sample=5710,"r=1.000,g=1.000,b=0.000,a=1.000"
2026-05-08T23:19:14.323083+00:00,led_color,sample=5720,"r=1.000,g=1.000,b=0.000,a=1.000"
2026-05-08T23:19:14.329129+00:00,led_color,sample=5730,"r=1.000,g=1.000,b=0.000,a=1.000"
2026-05-08T23:19:14.336921+00:00,led_color,sample=5740,"r=1.000,g=1.000,b=0.000,a=1.000"
2026-05-08T23:19:14.344100+00:00,led_color,sample=5750,"r=1.000,g=1.000,b=0.000,a=1.000"
2026-05-08T23:19:14.350850+00:00,led_color,sample=5760,"r=1.000,g=1.000,b=0.000,a=1.000"
2026-05-08T23:19:14.357509+00:00,led_color,sample=5770,"r=1.000,g=1.000,b=0.000,a=1.000"
2026-05-08T23:19:14.363562+00:00,led_color,sample=5780,"r=1.000,g=1.000,b=0.000,a=1.000"
2026-05-08T23:19:14.369826+00:00,led_color,sample=5790,"r=1.000,g=1.000,b=0.000,a=1.000"
2026-05-08T23:19:14.378581+00:00,led_color,sample=5800,"r=1.000,g=1.000,b=0.000,a=1.000"
2026-05-08T23:19:14.385162+00:00,led_color,sample=5810,"r=1.000,g=1.000,b=0.000,a=1.000"
2026-05-08T23:19:14.392858+00:00,led_color,sample=5820,"r=1.000,g=1.000,b=0.000,a=1.000"
2026-05-08T23:19:14.400353+00:00,led_color,sample=5830,"r=1.000,g=1.000,b=0.000,a=1.000"
2026-05-08T23:19:14.406447+00:00,led_color,sample=5840,"r=1.000,g=1.000,b=0.000,a=1.000"
2026-05-08T23:19:14.427381+00:00,led_color,sample=5850,"r=1.000,g=1.000,b=0.000,a=1.000"
2026-05-08T23:19:14.433479+00:00,led_color,sample=5860,"r=1.000,g=1.000,b=0.000,a=1.000"
2026-05-08T23:19:14.453785+00:00,led_color,sample=5870,"r=1.000,g=1.000,b=0.000,a=1.000"
2026-05-08T23:19:14.460003+00:00,led_color,sample=5880,"r=1.000,g=1.000,b=0.000,a=1.000"
2026-05-08T23:19:14.467492+00:00,led_color,sample=5890,"r=0.000,g=0.000,b=1.000,a=1.000"
2026-05-08T23:19:14.469929+00:00,qbot_led_color,sample=80,"0.000,0.000,1.000"
2026-05-08T23:19:14.479704+00:00,led_color,sample=5900,"r=1.000,g=1.000,b=0.000,a=1.000"
2026-05-08T23:19:14.487207+00:00,led_color,sample=5910,"r=1.000,g=1.000,b=0.000,a=1.000"
2026-05-08T23:19:14.506580+00:00,led_color,sample=5920,"r=1.000,g=1.000,b=0.000,a=1.000"
2026-05-08T23:19:14.514215+00:00,led_color,sample=5930,"r=1.000,g=1.000,b=0.000,a=1.000"
2026-05-08T23:19:14.546757+00:00,led_color,sample=5940,"r=1.000,g=1.000,b=0.000,a=1.000"
2026-05-08T23:19:14.553917+00:00,led_color,sample=5950,"r=1.000,g=1.000,b=0.000,a=1.000"
2026-05-08T23:19:14.560111+00:00,led_color,sample=5960,"r=1.000,g=1.000,b=0.000,a=1.000"
2026-05-08T23:19:14.566182+00:00,led_color,sample=5970,"r=1.000,g=1.000,b=0.000,a=1.000"
2026-05-08T23:19:14.572389+00:00,led_color,sample=5980,"r=1.000,g=1.000,b=0.000,a=1.000"
2026-05-08T23:19:14.579783+00:00,led_color,sample=5990,"r=1.000,g=1.000,b=0.000,a=1.000"
2026-05-08T23:19:14.586279+00:00,led_color,sample=6000,"r=0.000,g=0.000,b=1.000,a=1.000"
2026-05-08T23:19:14.609643+00:00,led_color,sample=6010,"r=1.000,g=1.000,b=0.000,a=1.000"
2026-05-08T23:19:14.645807+00:00,led_color,sample=6020,"r=1.000,g=1.000,b=0.000,a=1.000"
2026-05-08T23:19:14.652677+00:00,led_color,sample=6030,"r=1.000,g=1.000,b=0.000,a=1.000"
2026-05-08T23:19:14.659007+00:00,led_color,sample=6040,"r=1.000,g=1.000,b=0.000,a=1.000"
2026-05-08T23:19:14.668698+00:00,led_color,sample=6050,"r=1.000,g=1.000,b=0.000,a=1.000"
2026-05-08T23:19:14.674743+00:00,led_color,sample=6060,"r=1.000,g=1.000,b=0.000,a=1.000"
2026-05-08T23:19:14.682325+00:00,led_color,sample=6070,"r=1.000,g=1.000,b=0.000,a=1.000"
2026-05-08T23:19:14.688399+00:00,led_color,sample=6080,"r=1.000,g=1.000,b=0.000,a=1.000"
2026-05-08T23:19:14.694448+00:00,led_color,sample=6090,"r=1.000,g=1.000,b=0.000,a=1.000"
2026-05-08T23:19:14.700422+00:00,led_color,sample=6100,"r=1.000,g=1.000,b=0.000,a=1.000"
2026-05-08T23:19:14.706370+00:00,led_color,sample=6110,"r=1.000,g=1.000,b=0.000,a=1.000"
2026-05-08T23:19:14.712327+00:00,led_color,sample=6120,"r=1.000,g=1.000,b=0.000,a=1.000"
2026-05-08T23:19:14.730352+00:00,led_color,sample=6130,"r=1.000,g=1.000,b=0.000,a=1.000"
2026-05-08T23:19:14.738263+00:00,led_color,sample=6140,"r=1.000,g=1.000,b=0.000,a=1.000"
2026-05-08T23:19:14.751377+00:00,led_color,sample=6150,"r=1.000,g=1.000,b=0.000,a=1.000"
2026-05-08T23:19:14.759849+00:00,led_color,sample=6160,"r=1.000,g=1.000,b=0.000,a=1.000"
2026-05-08T23:19:14.765920+00:00,led_color,sample=6170,"r=1.000,g=1.000,b=0.000,a=1.000"
2026-05-08T23:19:14.772174+00:00,led_color,sample=6180,"r=1.000,g=1.000,b=0.000,a=1.000"
2026-05-08T23:19:14.778282+00:00,led_color,sample=6190,"r=1.000,g=1.000,b=0.000,a=1.000"
2026-05-08T23:19:14.784474+00:00,led_color,sample=6200,"r=1.000,g=1.000,b=0.000,a=1.000"
2026-05-08T23:19:14.790353+00:00,led_color,sample=6210,"r=1.000,g=1.000,b=0.000,a=1.000"
2026-05-08T23:19:14.796461+00:00,led_color,sample=6220,"r=1.000,g=1.000,b=0.000,a=1.000"
2026-05-08T23:19:14.804880+00:00,led_color,sample=6230,"r=1.000,g=1.000,b=0.000,a=1.000"
2026-05-08T23:19:14.817198+00:00,led_color,sample=6240,"r=1.000,g=1.000,b=0.000,a=1.000"
2026-05-08T23:19:14.823402+00:00,led_color,sample=6250,"r=1.000,g=1.000,b=0.000,a=1.000"
2026-05-08T23:19:14.829866+00:00,led_color,sample=6260,"r=1.000,g=1.000,b=0.000,a=1.000"
2026-05-08T23:19:14.852199+00:00,led_color,sample=6270,"r=1.000,g=1.000,b=0.000,a=1.000"
2026-05-08T23:19:14.858316+00:00,led_color,sample=6280,"r=1.000,g=1.000,b=0.000,a=1.000"
2026-05-08T23:19:14.864555+00:00,led_color,sample=6290,"r=1.000,g=1.000,b=0.000,a=1.000"
2026-05-08T23:19:14.871502+00:00,led_color,sample=6300,"r=1.000,g=1.000,b=0.000,a=1.000"
2026-05-08T23:19:14.891927+00:00,led_color,sample=6310,"r=1.000,g=1.000,b=0.000,a=1.000"
2026-05-08T23:19:14.898685+00:00,led_color,sample=6320,"r=1.000,g=1.000,b=0.000,a=1.000"
2026-05-08T23:19:14.906064+00:00,led_color,sample=6330,"r=1.000,g=1.000,b=0.000,a=1.000"
2026-05-08T23:19:14.926262+00:00,led_color,sample=6340,"r=1.000,g=1.000,b=0.000,a=1.000"
2026-05-08T23:19:14.933319+00:00,led_color,sample=6350,"r=1.000,g=1.000,b=0.000,a=1.000"
2026-05-08T23:19:14.939593+00:00,led_color,sample=6360,"r=1.000,g=1.000,b=0.000,a=1.000"
2026-05-08T23:19:14.956305+00:00,led_color,sample=6370,"r=1.000,g=1.000,b=0.000,a=1.000"
2026-05-08T23:19:14.962412+00:00,led_color,sample=6380,"r=1.000,g=1.000,b=0.000,a=1.000"
2026-05-08T23:19:14.968841+00:00,led_color,sample=6390,"r=1.000,g=1.000,b=0.000,a=1.000"
2026-05-08T23:19:14.975310+00:00,led_color,sample=6400,"r=1.000,g=1.000,b=0.000,a=1.000"
2026-05-08T23:19:14.981639+00:00,led_color,sample=6410,"r=1.000,g=1.000,b=0.000,a=1.000"
2026-05-08T23:19:14.998582+00:00,led_color,sample=6420,"r=1.000,g=1.000,b=0.000,a=1.000"
2026-05-08T23:19:15.009225+00:00,led_color,sample=6430,"r=1.000,g=1.000,b=0.000,a=1.000"
2026-05-08T23:19:15.015285+00:00,led_color,sample=6440,"r=1.000,g=1.000,b=0.000,a=1.000"
2026-05-08T23:19:15.043291+00:00,led_color,sample=6450,"r=1.000,g=1.000,b=0.000,a=1.000"
2026-05-08T23:19:15.049780+00:00,led_color,sample=6460,"r=1.000,g=1.000,b=0.000,a=1.000"
2026-05-08T23:19:15.056008+00:00,led_color,sample=6470,"r=1.000,g=1.000,b=0.000,a=1.000"
2026-05-08T23:19:15.062417+00:00,led_color,sample=6480,"r=1.000,g=1.000,b=0.000,a=1.000"
2026-05-08T23:19:15.070454+00:00,led_color,sample=6490,"r=1.000,g=1.000,b=0.000,a=1.000"
2026-05-08T23:19:15.080054+00:00,led_color,sample=6500,"r=1.000,g=1.000,b=0.000,a=1.000"
2026-05-08T23:19:15.087651+00:00,led_color,sample=6510,"r=1.000,g=1.000,b=0.000,a=1.000"
2026-05-08T23:19:15.095939+00:00,led_color,sample=6520,"r=1.000,g=1.000,b=0.000,a=1.000"
2026-05-08T23:19:15.128090+00:00,led_color,sample=6530,"r=1.000,g=1.000,b=0.000,a=1.000"
2026-05-08T23:19:15.136837+00:00,led_color,sample=6540,"r=1.000,g=1.000,b=0.000,a=1.000"
2026-05-08T23:19:15.145510+00:00,led_color,sample=6550,"r=1.000,g=1.000,b=0.000,a=1.000"
2026-05-08T23:19:15.154028+00:00,led_color,sample=6560,"r=1.000,g=1.000,b=0.000,a=1.000"
2026-05-08T23:19:15.160237+00:00,led_color,sample=6570,"r=1.000,g=1.000,b=0.000,a=1.000"
2026-05-08T23:19:15.170741+00:00,led_color,sample=6580,"r=1.000,g=1.000,b=0.000,a=1.000"
2026-05-08T23:19:15.180548+00:00,led_color,sample=6590,"r=1.000,g=1.000,b=0.000,a=1.000"
2026-05-08T23:19:15.187133+00:00,led_color,sample=6600,"r=1.000,g=1.000,b=0.000,a=1.000"
2026-05-08T23:19:15.200365+00:00,led_color,sample=6610,"r=1.000,g=1.000,b=0.000,a=1.000"
2026-05-08T23:19:15.206590+00:00,led_color,sample=6620,"r=1.000,g=1.000,b=0.000,a=1.000"
2026-05-08T23:19:15.213055+00:00,led_color,sample=6630,"r=1.000,g=1.000,b=0.000,a=1.000"
2026-05-08T23:19:15.219214+00:00,led_color,sample=6640,"r=1.000,g=1.000,b=0.000,a=1.000"
2026-05-08T23:19:15.226751+00:00,led_color,sample=6650,"r=1.000,g=1.000,b=0.000,a=1.000"
2026-05-08T23:19:15.232794+00:00,led_color,sample=6660,"r=1.000,g=1.000,b=0.000,a=1.000"
2026-05-08T23:19:15.238708+00:00,led_color,sample=6670,"r=1.000,g=1.000,b=0.000,a=1.000"
2026-05-08T23:19:15.244888+00:00,led_color,sample=6680,"r=1.000,g=1.000,b=0.000,a=1.000"
2026-05-08T23:19:15.250975+00:00,led_color,sample=6690,"r=1.000,g=1.000,b=0.000,a=1.000"
2026-05-08T23:19:15.269992+00:00,led_color,sample=6700,"r=1.000,g=1.000,b=0.000,a=1.000"
2026-05-08T23:19:15.276542+00:00,led_color,sample=6710,"r=1.000,g=1.000,b=0.000,a=1.000"
2026-05-08T23:19:15.284422+00:00,led_color,sample=6720,"r=1.000,g=1.000,b=0.000,a=1.000"
2026-05-08T23:19:15.296214+00:00,led_color,sample=6730,"r=1.000,g=1.000,b=0.000,a=1.000"
2026-05-08T23:19:15.314056+00:00,led_color,sample=6740,"r=1.000,g=1.000,b=0.000,a=1.000"
2026-05-08T23:19:15.338611+00:00,led_color,sample=6750,"r=1.000,g=1.000,b=0.000,a=1.000"
2026-05-08T23:19:15.344938+00:00,led_color,sample=6760,"r=1.000,g=1.000,b=0.000,a=1.000"
2026-05-08T23:19:15.351415+00:00,led_color,sample=6770,"r=1.000,g=1.000,b=0.000,a=1.000"
2026-05-08T23:19:15.357431+00:00,led_color,sample=6780,"r=1.000,g=1.000,b=0.000,a=1.000"
2026-05-08T23:19:15.371461+00:00,led_color,sample=6790,"r=1.000,g=1.000,b=0.000,a=1.000"
2026-05-08T23:19:15.382586+00:00,led_color,sample=6800,"r=1.000,g=1.000,b=0.000,a=1.000"
2026-05-08T23:19:15.389825+00:00,led_color,sample=6810,"r=1.000,g=1.000,b=0.000,a=1.000"
2026-05-08T23:19:15.405705+00:00,led_color,sample=6820,"r=1.000,g=1.000,b=0.000,a=1.000"
2026-05-08T23:19:15.412183+00:00,led_color,sample=6830,"r=1.000,g=1.000,b=0.000,a=1.000"
2026-05-08T23:19:15.453338+00:00,led_color,sample=6840,"r=1.000,g=1.000,b=0.000,a=1.000"
2026-05-08T23:19:15.461861+00:00,led_color,sample=6850,"r=1.000,g=1.000,b=0.000,a=1.000"
2026-05-08T23:19:15.468123+00:00,qbot_led_color,sample=90,"0.000,0.000,1.000"
2026-05-08T23:19:15.472359+00:00,led_color,sample=6860,"r=1.000,g=1.000,b=0.000,a=1.000"
2026-05-08T23:19:15.478834+00:00,led_color,sample=6870,"r=1.000,g=1.000,b=0.000,a=1.000"
2026-05-08T23:19:15.487122+00:00,led_color,sample=6880,"r=1.000,g=1.000,b=0.000,a=1.000"
2026-05-08T23:19:15.493434+00:00,led_color,sample=6890,"r=1.000,g=1.000,b=0.000,a=1.000"
2026-05-08T23:19:15.499546+00:00,led_color,sample=6900,"r=1.000,g=1.000,b=0.000,a=1.000"
2026-05-08T23:19:15.539745+00:00,led_color,sample=6910,"r=1.000,g=1.000,b=0.000,a=1.000"
2026-05-08T23:19:15.546296+00:00,led_color,sample=6920,"r=1.000,g=1.000,b=0.000,a=1.000"
2026-05-08T23:19:15.553145+00:00,led_color,sample=6930,"r=1.000,g=1.000,b=0.000,a=1.000"
2026-05-08T23:19:15.560107+00:00,led_color,sample=6940,"r=1.000,g=1.000,b=0.000,a=1.000"
2026-05-08T23:19:15.566483+00:00,led_color,sample=6950,"r=1.000,g=1.000,b=0.000,a=1.000"
2026-05-08T23:19:15.573186+00:00,led_color,sample=6960,"r=1.000,g=1.000,b=0.000,a=1.000"
2026-05-08T23:19:15.579943+00:00,led_color,sample=6970,"r=1.000,g=1.000,b=0.000,a=1.000"
2026-05-08T23:19:15.586775+00:00,led_color,sample=6980,"r=1.000,g=1.000,b=0.000,a=1.000"
2026-05-08T23:19:15.593300+00:00,led_color,sample=6990,"r=1.000,g=1.000,b=0.000,a=1.000"
2026-05-08T23:19:15.600035+00:00,led_color,sample=7000,"r=1.000,g=1.000,b=0.000,a=1.000"
2026-05-08T23:19:15.606299+00:00,led_color,sample=7010,"r=1.000,g=1.000,b=0.000,a=1.000"
2026-05-08T23:19:15.623237+00:00,led_color,sample=7020,"r=1.000,g=1.000,b=0.000,a=1.000"
2026-05-08T23:19:15.630608+00:00,led_color,sample=7030,"r=1.000,g=1.000,b=0.000,a=1.000"
2026-05-08T23:19:15.660583+00:00,led_color,sample=7040,"r=1.000,g=1.000,b=0.000,a=1.000"
2026-05-08T23:19:15.675143+00:00,led_color,sample=7050,"r=1.000,g=1.000,b=0.000,a=1.000"
2026-05-08T23:19:15.707425+00:00,led_color,sample=7060,"r=1.000,g=1.000,b=0.000,a=1.000"
2026-05-08T23:19:15.715058+00:00,led_color,sample=7070,"r=1.000,g=1.000,b=0.000,a=1.000"
2026-05-08T23:19:15.723200+00:00,led_color,sample=7080,"r=1.000,g=1.000,b=0.000,a=1.000"
2026-05-08T23:19:15.743193+00:00,led_color,sample=7090,"r=1.000,g=1.000,b=0.000,a=1.000"
2026-05-08T23:19:15.751612+00:00,led_color,sample=7100,"r=1.000,g=1.000,b=0.000,a=1.000"
2026-05-08T23:19:15.764667+00:00,led_color,sample=7110,"r=1.000,g=1.000,b=0.000,a=1.000"
2026-05-08T23:19:15.772932+00:00,led_color,sample=7120,"r=1.000,g=1.000,b=0.000,a=1.000"
2026-05-08T23:19:15.782025+00:00,led_color,sample=7130,"r=1.000,g=1.000,b=0.000,a=1.000"
2026-05-08T23:19:15.790574+00:00,led_color,sample=7140,"r=1.000,g=1.000,b=0.000,a=1.000"
2026-05-08T23:19:15.797056+00:00,led_color,sample=7150,"r=0.000,g=0.000,b=1.000,a=1.000"
2026-05-08T23:19:15.811089+00:00,led_color,sample=7160,"r=1.000,g=1.000,b=0.000,a=1.000"
2026-05-08T23:19:15.817719+00:00,led_color,sample=7170,"r=1.000,g=1.000,b=0.000,a=1.000"
2026-05-08T23:19:15.824729+00:00,led_color,sample=7180,"r=1.000,g=1.000,b=0.000,a=1.000"
2026-05-08T23:19:15.831236+00:00,led_color,sample=7190,"r=1.000,g=1.000,b=0.000,a=1.000"
2026-05-08T23:19:15.843125+00:00,led_color,sample=7200,"r=1.000,g=1.000,b=0.000,a=1.000"
2026-05-08T23:19:15.852590+00:00,led_color,sample=7210,"r=1.000,g=1.000,b=0.000,a=1.000"
2026-05-08T23:19:15.859962+00:00,led_color,sample=7220,"r=1.000,g=1.000,b=0.000,a=1.000"
2026-05-08T23:19:15.866278+00:00,led_color,sample=7230,"r=1.000,g=1.000,b=0.000,a=1.000"
2026-05-08T23:19:15.872807+00:00,led_color,sample=7240,"r=1.000,g=1.000,b=0.000,a=1.000"
2026-05-08T23:19:15.879348+00:00,led_color,sample=7250,"r=1.000,g=1.000,b=0.000,a=1.000"
2026-05-08T23:19:15.885508+00:00,led_color,sample=7260,"r=0.000,g=0.000,b=1.000,a=1.000"
2026-05-08T23:19:15.897122+00:00,led_color,sample=7270,"r=1.000,g=1.000,b=0.000,a=1.000"
2026-05-08T23:19:15.914666+00:00,led_color,sample=7280,"r=1.000,g=1.000,b=0.000,a=1.000"
2026-05-08T23:19:15.922389+00:00,led_color,sample=7290,"r=1.000,g=1.000,b=0.000,a=1.000"
2026-05-08T23:19:15.929727+00:00,led_color,sample=7300,"r=1.000,g=1.000,b=0.000,a=1.000"
2026-05-08T23:19:15.936122+00:00,led_color,sample=7310,"r=1.000,g=1.000,b=0.000,a=1.000"
2026-05-08T23:19:15.948006+00:00,led_color,sample=7320,"r=1.000,g=1.000,b=0.000,a=1.000"
2026-05-08T23:19:15.956016+00:00,led_color,sample=7330,"r=1.000,g=1.000,b=0.000,a=1.000"
2026-05-08T23:19:15.974837+00:00,led_color,sample=7340,"r=1.000,g=1.000,b=0.000,a=1.000"
2026-05-08T23:19:15.981565+00:00,led_color,sample=7350,"r=1.000,g=1.000,b=0.000,a=1.000"
2026-05-08T23:19:15.988008+00:00,led_color,sample=7360,"r=1.000,g=1.000,b=0.000,a=1.000"
2026-05-08T23:19:16.004486+00:00,led_color,sample=7370,"r=1.000,g=1.000,b=0.000,a=1.000"
2026-05-08T23:19:16.011153+00:00,led_color,sample=7380,"r=1.000,g=1.000,b=0.000,a=1.000"
2026-05-08T23:19:16.022120+00:00,led_color,sample=7390,"r=1.000,g=1.000,b=0.000,a=1.000"
2026-05-08T23:19:16.028897+00:00,led_color,sample=7400,"r=1.000,g=1.000,b=0.000,a=1.000"
2026-05-08T23:19:16.035926+00:00,led_color,sample=7410,"r=1.000,g=1.000,b=0.000,a=1.000"
2026-05-08T23:19:16.054267+00:00,led_color,sample=7420,"r=1.000,g=1.000,b=0.000,a=1.000"
2026-05-08T23:19:16.067723+00:00,led_color,sample=7430,"r=1.000,g=1.000,b=0.000,a=1.000"
2026-05-08T23:19:16.074706+00:00,led_color,sample=7440,"r=1.000,g=1.000,b=0.000,a=1.000"
2026-05-08T23:19:16.081742+00:00,led_color,sample=7450,"r=1.000,g=1.000,b=0.000,a=1.000"
2026-05-08T23:19:16.088475+00:00,led_color,sample=7460,"r=1.000,g=1.000,b=0.000,a=1.000"
2026-05-08T23:19:16.095326+00:00,led_color,sample=7470,"r=1.000,g=1.000,b=0.000,a=1.000"
2026-05-08T23:19:16.107872+00:00,led_color,sample=7480,"r=1.000,g=1.000,b=0.000,a=1.000"
2026-05-08T23:19:16.114040+00:00,led_color,sample=7490,"r=1.000,g=1.000,b=0.000,a=1.000"
2026-05-08T23:19:16.125402+00:00,led_color,sample=7500,"r=1.000,g=1.000,b=0.000,a=1.000"
2026-05-08T23:19:16.131892+00:00,led_color,sample=7510,"r=1.000,g=1.000,b=0.000,a=1.000"
2026-05-08T23:19:16.138156+00:00,led_color,sample=7520,"r=1.000,g=1.000,b=0.000,a=1.000"
2026-05-08T23:19:16.144536+00:00,led_color,sample=7530,"r=1.000,g=1.000,b=0.000,a=1.000"
2026-05-08T23:19:16.155657+00:00,led_color,sample=7540,"r=1.000,g=1.000,b=0.000,a=1.000"
2026-05-08T23:19:16.167464+00:00,led_color,sample=7550,"r=1.000,g=1.000,b=0.000,a=1.000"
2026-05-08T23:19:16.173801+00:00,led_color,sample=7560,"r=1.000,g=1.000,b=0.000,a=1.000"
2026-05-08T23:19:16.192707+00:00,led_color,sample=7570,"r=1.000,g=1.000,b=0.000,a=1.000"
2026-05-08T23:19:16.201489+00:00,led_color,sample=7580,"r=1.000,g=1.000,b=0.000,a=1.000"
2026-05-08T23:19:16.226154+00:00,led_color,sample=7590,"r=1.000,g=1.000,b=0.000,a=1.000"
2026-05-08T23:19:16.232472+00:00,led_color,sample=7600,"r=1.000,g=1.000,b=0.000,a=1.000"
2026-05-08T23:19:16.244088+00:00,led_color,sample=7610,"r=1.000,g=1.000,b=0.000,a=1.000"
2026-05-08T23:19:16.251090+00:00,led_color,sample=7620,"r=1.000,g=1.000,b=0.000,a=1.000"
2026-05-08T23:19:16.264882+00:00,led_color,sample=7630,"r=1.000,g=1.000,b=0.000,a=1.000"
2026-05-08T23:19:16.275675+00:00,led_color,sample=7640,"r=1.000,g=1.000,b=0.000,a=1.000"
2026-05-08T23:19:16.294561+00:00,led_color,sample=7650,"r=1.000,g=1.000,b=0.000,a=1.000"
2026-05-08T23:19:16.300880+00:00,led_color,sample=7660,"r=1.000,g=1.000,b=0.000,a=1.000"
2026-05-08T23:19:16.307037+00:00,led_color,sample=7670,"r=1.000,g=1.000,b=0.000,a=1.000"
2026-05-08T23:19:16.313676+00:00,led_color,sample=7680,"r=1.000,g=1.000,b=0.000,a=1.000"
2026-05-08T23:19:16.328586+00:00,led_color,sample=7690,"r=1.000,g=1.000,b=0.000,a=1.000"
2026-05-08T23:19:16.336114+00:00,led_color,sample=7700,"r=1.000,g=1.000,b=0.000,a=1.000"
2026-05-08T23:19:16.350373+00:00,led_color,sample=7710,"r=1.000,g=1.000,b=0.000,a=1.000"
2026-05-08T23:19:16.357426+00:00,led_color,sample=7720,"r=1.000,g=1.000,b=0.000,a=1.000"
2026-05-08T23:19:16.371680+00:00,led_color,sample=7730,"r=1.000,g=1.000,b=0.000,a=1.000"
2026-05-08T23:19:16.378523+00:00,led_color,sample=7740,"r=1.000,g=1.000,b=0.000,a=1.000"
2026-05-08T23:19:16.387058+00:00,led_color,sample=7750,"r=1.000,g=1.000,b=0.000,a=1.000"
2026-05-08T23:19:16.407629+00:00,led_color,sample=7760,"r=1.000,g=1.000,b=0.000,a=1.000"
2026-05-08T23:19:16.424452+00:00,led_color,sample=7770,"r=1.000,g=1.000,b=0.000,a=1.000"
2026-05-08T23:19:16.430874+00:00,led_color,sample=7780,"r=1.000,g=1.000,b=0.000,a=1.000"
2026-05-08T23:19:16.448226+00:00,led_color,sample=7790,"r=1.000,g=1.000,b=0.000,a=1.000"
2026-05-08T23:19:16.464809+00:00,led_color,sample=7800,"r=1.000,g=1.000,b=0.000,a=1.000"
2026-05-08T23:19:16.467980+00:00,qbot_led_color,sample=100,"0.000,0.000,1.000"
2026-05-08T23:19:16.472634+00:00,led_color,sample=7810,"r=1.000,g=1.000,b=0.000,a=1.000"
2026-05-08T23:19:16.489830+00:00,led_color,sample=7820,"r=1.000,g=1.000,b=0.000,a=1.000"
2026-05-08T23:19:16.496356+00:00,led_color,sample=7830,"r=1.000,g=1.000,b=0.000,a=1.000"
2026-05-08T23:19:16.502867+00:00,led_color,sample=7840,"r=1.000,g=1.000,b=0.000,a=1.000"
2026-05-08T23:19:16.509065+00:00,led_color,sample=7850,"r=1.000,g=1.000,b=0.000,a=1.000"
2026-05-08T23:19:16.516253+00:00,led_color,sample=7860,"r=1.000,g=1.000,b=0.000,a=1.000"
2026-05-08T23:19:16.522460+00:00,led_color,sample=7870,"r=1.000,g=1.000,b=0.000,a=1.000"
2026-05-08T23:19:16.528748+00:00,led_color,sample=7880,"r=1.000,g=1.000,b=0.000,a=1.000"
2026-05-08T23:19:16.534889+00:00,led_color,sample=7890,"r=1.000,g=1.000,b=0.000,a=1.000"
2026-05-08T23:19:16.541471+00:00,led_color,sample=7900,"r=1.000,g=1.000,b=0.000,a=1.000"
2026-05-08T23:19:16.567603+00:00,led_color,sample=7910,"r=0.000,g=0.000,b=1.000,a=1.000"
2026-05-08T23:19:16.589199+00:00,led_color,sample=7920,"r=1.000,g=1.000,b=0.000,a=1.000"
2026-05-08T23:19:16.597263+00:00,led_color,sample=7930,"r=1.000,g=1.000,b=0.000,a=1.000"
2026-05-08T23:19:16.603917+00:00,led_color,sample=7940,"r=1.000,g=1.000,b=0.000,a=1.000"
2026-05-08T23:19:16.610272+00:00,led_color,sample=7950,"r=1.000,g=1.000,b=0.000,a=1.000"
2026-05-08T23:19:16.616316+00:00,led_color,sample=7960,"r=1.000,g=1.000,b=0.000,a=1.000"
2026-05-08T23:19:16.623874+00:00,led_color,sample=7970,"r=1.000,g=1.000,b=0.000,a=1.000"
2026-05-08T23:19:16.655907+00:00,led_color,sample=7980,"r=1.000,g=1.000,b=0.000,a=1.000"
2026-05-08T23:19:16.701542+00:00,led_color,sample=7990,"r=1.000,g=1.000,b=0.000,a=1.000"
2026-05-08T23:19:16.709790+00:00,led_color,sample=8000,"r=1.000,g=1.000,b=0.000,a=1.000"
2026-05-08T23:19:16.716138+00:00,led_color,sample=8010,"r=1.000,g=1.000,b=0.000,a=1.000"
2026-05-08T23:19:16.773261+00:00,led_color,sample=8020,"r=1.000,g=1.000,b=0.000,a=1.000"
2026-05-08T23:19:16.780736+00:00,led_color,sample=8030,"r=1.000,g=1.000,b=0.000,a=1.000"
2026-05-08T23:19:16.787914+00:00,led_color,sample=8040,"r=1.000,g=1.000,b=0.000,a=1.000"
2026-05-08T23:19:16.799971+00:00,led_color,sample=8050,"r=1.000,g=1.000,b=0.000,a=1.000"
2026-05-08T23:19:16.806534+00:00,led_color,sample=8060,"r=1.000,g=1.000,b=0.000,a=1.000"
2026-05-08T23:19:16.813105+00:00,led_color,sample=8070,"r=1.000,g=1.000,b=0.000,a=1.000"
2026-05-08T23:19:16.819281+00:00,led_color,sample=8080,"r=1.000,g=1.000,b=0.000,a=1.000"
2026-05-08T23:19:16.828608+00:00,led_color,sample=8090,"r=1.000,g=1.000,b=0.000,a=1.000"
2026-05-08T23:19:16.834804+00:00,led_color,sample=8100,"r=1.000,g=1.000,b=0.000,a=1.000"
2026-05-08T23:19:16.841018+00:00,led_color,sample=8110,"r=1.000,g=1.000,b=0.000,a=1.000"
2026-05-08T23:19:16.847271+00:00,led_color,sample=8120,"r=1.000,g=1.000,b=0.000,a=1.000"
2026-05-08T23:19:16.853438+00:00,led_color,sample=8130,"r=1.000,g=1.000,b=0.000,a=1.000"
2026-05-08T23:19:16.860625+00:00,led_color,sample=8140,"r=1.000,g=1.000,b=0.000,a=1.000"
2026-05-08T23:19:16.866575+00:00,led_color,sample=8150,"r=1.000,g=1.000,b=0.000,a=1.000"
2026-05-08T23:19:16.877981+00:00,led_color,sample=8160,"r=1.000,g=1.000,b=0.000,a=1.000"
2026-05-08T23:19:16.884178+00:00,led_color,sample=8170,"r=1.000,g=1.000,b=0.000,a=1.000"
2026-05-08T23:19:16.901642+00:00,led_color,sample=8180,"r=1.000,g=1.000,b=0.000,a=1.000"
2026-05-08T23:19:16.910120+00:00,led_color,sample=8190,"r=1.000,g=1.000,b=0.000,a=1.000"
2026-05-08T23:19:16.916831+00:00,led_color,sample=8200,"r=1.000,g=1.000,b=0.000,a=1.000"
2026-05-08T23:19:16.922861+00:00,led_color,sample=8210,"r=1.000,g=1.000,b=0.000,a=1.000"
2026-05-08T23:19:16.929014+00:00,led_color,sample=8220,"r=1.000,g=1.000,b=0.000,a=1.000"
2026-05-08T23:19:16.942938+00:00,led_color,sample=8230,"r=1.000,g=1.000,b=0.000,a=1.000"
2026-05-08T23:19:16.950297+00:00,led_color,sample=8240,"r=1.000,g=1.000,b=0.000,a=1.000"
2026-05-08T23:19:16.956830+00:00,led_color,sample=8250,"r=1.000,g=1.000,b=0.000,a=1.000"
2026-05-08T23:19:16.971921+00:00,led_color,sample=8260,"r=1.000,g=1.000,b=0.000,a=1.000"
2026-05-08T23:19:16.979660+00:00,led_color,sample=8270,"r=1.000,g=1.000,b=0.000,a=1.000"
2026-05-08T23:19:16.986273+00:00,led_color,sample=8280,"r=1.000,g=1.000,b=0.000,a=1.000"
2026-05-08T23:19:17.015026+00:00,led_color,sample=8290,"r=1.000,g=1.000,b=0.000,a=1.000"
2026-05-08T23:19:17.022406+00:00,led_color,sample=8300,"r=1.000,g=1.000,b=0.000,a=1.000"
2026-05-08T23:19:17.029301+00:00,led_color,sample=8310,"r=1.000,g=1.000,b=0.000,a=1.000"
2026-05-08T23:19:17.035687+00:00,led_color,sample=8320,"r=1.000,g=1.000,b=0.000,a=1.000"
2026-05-08T23:19:17.041845+00:00,led_color,sample=8330,"r=1.000,g=1.000,b=0.000,a=1.000"
2026-05-08T23:19:17.055176+00:00,led_color,sample=8340,"r=1.000,g=1.000,b=0.000,a=1.000"
2026-05-08T23:19:17.061623+00:00,led_color,sample=8350,"r=1.000,g=1.000,b=0.000,a=1.000"
2026-05-08T23:19:17.067744+00:00,led_color,sample=8360,"r=1.000,g=1.000,b=0.000,a=1.000"
2026-05-08T23:19:17.073963+00:00,led_color,sample=8370,"r=0.000,g=0.000,b=1.000,a=1.000"
2026-05-08T23:19:17.111273+00:00,led_color,sample=8380,"r=1.000,g=1.000,b=0.000,a=1.000"
2026-05-08T23:19:17.119617+00:00,led_color,sample=8390,"r=1.000,g=1.000,b=0.000,a=1.000"
2026-05-08T23:19:17.126728+00:00,led_color,sample=8400,"r=1.000,g=1.000,b=0.000,a=1.000"
2026-05-08T23:19:17.152591+00:00,led_color,sample=8410,"r=1.000,g=1.000,b=0.000,a=1.000"
2026-05-08T23:19:17.174989+00:00,led_color,sample=8420,"r=1.000,g=1.000,b=0.000,a=1.000"
2026-05-08T23:19:17.182418+00:00,led_color,sample=8430,"r=1.000,g=1.000,b=0.000,a=1.000"
2026-05-08T23:19:17.213655+00:00,led_color,sample=8440,"r=1.000,g=1.000,b=0.000,a=1.000"
2026-05-08T23:19:17.221916+00:00,led_color,sample=8450,"r=1.000,g=1.000,b=0.000,a=1.000"
2026-05-08T23:19:17.228288+00:00,led_color,sample=8460,"r=1.000,g=1.000,b=0.000,a=1.000"
2026-05-08T23:19:17.234087+00:00,led_color,sample=8470,"r=1.000,g=1.000,b=0.000,a=1.000"
2026-05-08T23:19:17.245601+00:00,led_color,sample=8480,"r=1.000,g=1.000,b=0.000,a=1.000"
2026-05-08T23:19:17.256014+00:00,led_color,sample=8490,"r=1.000,g=1.000,b=0.000,a=1.000"
2026-05-08T23:19:17.263458+00:00,led_color,sample=8500,"r=1.000,g=1.000,b=0.000,a=1.000"
2026-05-08T23:19:17.270227+00:00,led_color,sample=8510,"r=1.000,g=1.000,b=0.000,a=1.000"
2026-05-08T23:19:17.284133+00:00,led_color,sample=8520,"r=1.000,g=1.000,b=0.000,a=1.000"
2026-05-08T23:19:17.304254+00:00,led_color,sample=8530,"r=1.000,g=1.000,b=0.000,a=1.000"
2026-05-08T23:19:17.310671+00:00,led_color,sample=8540,"r=1.000,g=1.000,b=0.000,a=1.000"
2026-05-08T23:19:17.327174+00:00,led_color,sample=8550,"r=1.000,g=1.000,b=0.000,a=1.000"
2026-05-08T23:19:17.342102+00:00,led_color,sample=8560,"r=1.000,g=1.000,b=0.000,a=1.000"
2026-05-08T23:19:17.350525+00:00,led_color,sample=8570,"r=1.000,g=1.000,b=0.000,a=1.000"
2026-05-08T23:19:17.357788+00:00,led_color,sample=8580,"r=1.000,g=1.000,b=0.000,a=1.000"
2026-05-08T23:19:17.374649+00:00,led_color,sample=8590,"r=1.000,g=1.000,b=0.000,a=1.000"
2026-05-08T23:19:17.407933+00:00,led_color,sample=8600,"r=1.000,g=1.000,b=0.000,a=1.000"
2026-05-08T23:19:17.424553+00:00,led_color,sample=8610,"r=1.000,g=1.000,b=0.000,a=1.000"
2026-05-08T23:19:17.433459+00:00,led_color,sample=8620,"r=1.000,g=1.000,b=0.000,a=1.000"
2026-05-08T23:19:17.442517+00:00,led_color,sample=8630,"r=1.000,g=1.000,b=0.000,a=1.000"
2026-05-08T23:19:17.450084+00:00,led_color,sample=8640,"r=1.000,g=1.000,b=0.000,a=1.000"
2026-05-08T23:19:17.456462+00:00,led_color,sample=8650,"r=1.000,g=1.000,b=0.000,a=1.000"
2026-05-08T23:19:17.468395+00:00,qbot_led_color,sample=110,"0.000,0.000,1.000"
2026-05-08T23:19:17.475719+00:00,led_color,sample=8660,"r=1.000,g=1.000,b=0.000,a=1.000"
2026-05-08T23:19:17.483637+00:00,led_color,sample=8670,"r=1.000,g=1.000,b=0.000,a=1.000"
2026-05-08T23:19:17.491090+00:00,led_color,sample=8680,"r=1.000,g=1.000,b=0.000,a=1.000"
2026-05-08T23:19:17.504384+00:00,led_color,sample=8690,"r=1.000,g=1.000,b=0.000,a=1.000"
2026-05-08T23:19:17.511949+00:00,led_color,sample=8700,"r=1.000,g=1.000,b=0.000,a=1.000"
2026-05-08T23:19:17.518626+00:00,led_color,sample=8710,"r=1.000,g=1.000,b=0.000,a=1.000"
2026-05-08T23:19:17.525497+00:00,led_color,sample=8720,"r=1.000,g=1.000,b=0.000,a=1.000"
2026-05-08T23:19:17.531993+00:00,led_color,sample=8730,"r=1.000,g=1.000,b=0.000,a=1.000"
2026-05-08T23:19:17.542204+00:00,led_color,sample=8740,"r=1.000,g=1.000,b=0.000,a=1.000"
2026-05-08T23:19:17.549185+00:00,led_color,sample=8750,"r=1.000,g=1.000,b=0.000,a=1.000"
2026-05-08T23:19:17.556223+00:00,led_color,sample=8760,"r=1.000,g=1.000,b=0.000,a=1.000"
2026-05-08T23:19:17.564518+00:00,led_color,sample=8770,"r=1.000,g=1.000,b=0.000,a=1.000"
2026-05-08T23:19:17.603740+00:00,led_color,sample=8780,"r=1.000,g=1.000,b=0.000,a=1.000"
2026-05-08T23:19:17.611977+00:00,led_color,sample=8790,"r=1.000,g=1.000,b=0.000,a=1.000"
2026-05-08T23:19:17.618793+00:00,led_color,sample=8800,"r=1.000,g=1.000,b=0.000,a=1.000"
2026-05-08T23:19:17.629079+00:00,led_color,sample=8810,"r=1.000,g=1.000,b=0.000,a=1.000"
2026-05-08T23:19:17.635292+00:00,led_color,sample=8820,"r=1.000,g=1.000,b=0.000,a=1.000"
2026-05-08T23:19:17.641802+00:00,led_color,sample=8830,"r=1.000,g=1.000,b=0.000,a=1.000"
2026-05-08T23:19:17.659913+00:00,led_color,sample=8840,"r=1.000,g=1.000,b=0.000,a=1.000"
2026-05-08T23:19:17.668926+00:00,led_color,sample=8850,"r=1.000,g=1.000,b=0.000,a=1.000"
2026-05-08T23:19:17.675388+00:00,led_color,sample=8860,"r=1.000,g=1.000,b=0.000,a=1.000"
2026-05-08T23:19:17.682067+00:00,led_color,sample=8870,"r=1.000,g=1.000,b=0.000,a=1.000"
2026-05-08T23:19:17.692013+00:00,led_color,sample=8880,"r=1.000,g=1.000,b=0.000,a=1.000"
2026-05-08T23:19:17.730328+00:00,led_color,sample=8890,"r=1.000,g=1.000,b=0.000,a=1.000"
2026-05-08T23:19:17.737430+00:00,led_color,sample=8900,"r=1.000,g=1.000,b=0.000,a=1.000"
2026-05-08T23:19:17.744074+00:00,led_color,sample=8910,"r=1.000,g=1.000,b=0.000,a=1.000"
2026-05-08T23:19:17.758043+00:00,led_color,sample=8920,"r=1.000,g=1.000,b=0.000,a=1.000"
2026-05-08T23:19:17.764342+00:00,led_color,sample=8930,"r=1.000,g=1.000,b=0.000,a=1.000"
2026-05-08T23:19:17.771365+00:00,led_color,sample=8940,"r=1.000,g=1.000,b=0.000,a=1.000"
2026-05-08T23:19:17.794469+00:00,led_color,sample=8950,"r=1.000,g=1.000,b=0.000,a=1.000"
2026-05-08T23:19:17.809544+00:00,led_color,sample=8960,"r=1.000,g=1.000,b=0.000,a=1.000"
2026-05-08T23:19:17.834582+00:00,led_color,sample=8970,"r=1.000,g=1.000,b=0.000,a=1.000"
2026-05-08T23:19:17.848742+00:00,led_color,sample=8980,"r=1.000,g=1.000,b=0.000,a=1.000"
2026-05-08T23:19:17.855285+00:00,led_color,sample=8990,"r=1.000,g=1.000,b=0.000,a=1.000"
2026-05-08T23:19:17.862063+00:00,led_color,sample=9000,"r=1.000,g=1.000,b=0.000,a=1.000"
2026-05-08T23:19:17.875269+00:00,led_color,sample=9010,"r=1.000,g=1.000,b=0.000,a=1.000"
2026-05-08T23:19:17.883472+00:00,led_color,sample=9020,"r=1.000,g=1.000,b=0.000,a=1.000"
2026-05-08T23:19:17.904894+00:00,led_color,sample=9030,"r=1.000,g=1.000,b=0.000,a=1.000"
2026-05-08T23:19:17.912027+00:00,led_color,sample=9040,"r=1.000,g=1.000,b=0.000,a=1.000"
2026-05-08T23:19:17.923334+00:00,led_color,sample=9050,"r=1.000,g=1.000,b=0.000,a=1.000"
2026-05-08T23:19:17.932960+00:00,led_color,sample=9060,"r=1.000,g=1.000,b=0.000,a=1.000"
2026-05-08T23:19:17.939365+00:00,led_color,sample=9070,"r=1.000,g=1.000,b=0.000,a=1.000"
2026-05-08T23:19:17.948574+00:00,led_color,sample=9080,"r=1.000,g=1.000,b=0.000,a=1.000"
2026-05-08T23:19:17.978967+00:00,led_color,sample=9090,"r=1.000,g=1.000,b=0.000,a=1.000"
2026-05-08T23:19:17.989820+00:00,led_color,sample=9100,"r=1.000,g=1.000,b=0.000,a=1.000"
2026-05-08T23:19:17.996320+00:00,led_color,sample=9110,"r=1.000,g=1.000,b=0.000,a=1.000"
2026-05-08T23:19:18.011194+00:00,led_color,sample=9120,"r=1.000,g=1.000,b=0.000,a=1.000"
2026-05-08T23:19:18.018214+00:00,led_color,sample=9130,"r=1.000,g=1.000,b=0.000,a=1.000"
2026-05-08T23:19:18.025605+00:00,led_color,sample=9140,"r=1.000,g=1.000,b=0.000,a=1.000"
2026-05-08T23:19:18.037242+00:00,led_color,sample=9150,"r=1.000,g=1.000,b=0.000,a=1.000"
2026-05-08T23:19:18.049026+00:00,led_color,sample=9160,"r=1.000,g=1.000,b=0.000,a=1.000"
2026-05-08T23:19:18.055810+00:00,led_color,sample=9170,"r=1.000,g=1.000,b=0.000,a=1.000"
2026-05-08T23:19:18.071728+00:00,led_color,sample=9180,"r=1.000,g=1.000,b=0.000,a=1.000"
2026-05-08T23:19:18.111794+00:00,led_color,sample=9190,"r=1.000,g=1.000,b=0.000,a=1.000"
2026-05-08T23:19:18.118180+00:00,led_color,sample=9200,"r=1.000,g=1.000,b=0.000,a=1.000"
2026-05-08T23:19:18.125685+00:00,led_color,sample=9210,"r=1.000,g=1.000,b=0.000,a=1.000"
2026-05-08T23:19:18.131980+00:00,led_color,sample=9220,"r=1.000,g=1.000,b=0.000,a=1.000"
2026-05-08T23:19:18.137901+00:00,led_color,sample=9230,"r=1.000,g=1.000,b=0.000,a=1.000"
2026-05-08T23:19:18.144136+00:00,led_color,sample=9240,"r=1.000,g=1.000,b=0.000,a=1.000"
2026-05-08T23:19:18.150204+00:00,led_color,sample=9250,"r=1.000,g=1.000,b=0.000,a=1.000"
2026-05-08T23:19:18.172169+00:00,led_color,sample=9260,"r=1.000,g=1.000,b=0.000,a=1.000"
2026-05-08T23:19:18.178379+00:00,led_color,sample=9270,"r=1.000,g=1.000,b=0.000,a=1.000"
2026-05-08T23:19:18.185100+00:00,led_color,sample=9280,"r=1.000,g=1.000,b=0.000,a=1.000"
2026-05-08T23:19:18.191318+00:00,led_color,sample=9290,"r=0.000,g=0.000,b=1.000,a=1.000"
2026-05-08T23:19:18.198624+00:00,led_color,sample=9300,"r=1.000,g=1.000,b=0.000,a=1.000"
2026-05-08T23:19:18.209307+00:00,led_color,sample=9310,"r=1.000,g=1.000,b=0.000,a=1.000"
2026-05-08T23:19:18.240745+00:00,led_color,sample=9320,"r=1.000,g=1.000,b=0.000,a=1.000"
2026-05-08T23:19:18.247226+00:00,led_color,sample=9330,"r=1.000,g=1.000,b=0.000,a=1.000"
2026-05-08T23:19:18.253249+00:00,led_color,sample=9340,"r=1.000,g=1.000,b=0.000,a=1.000"
2026-05-08T23:19:18.259673+00:00,led_color,sample=9350,"r=1.000,g=1.000,b=0.000,a=1.000"
2026-05-08T23:19:18.270298+00:00,led_color,sample=9360,"r=1.000,g=1.000,b=0.000,a=1.000"
2026-05-08T23:19:18.276804+00:00,led_color,sample=9370,"r=1.000,g=1.000,b=0.000,a=1.000"
2026-05-08T23:19:18.282891+00:00,led_color,sample=9380,"r=0.000,g=0.000,b=1.000,a=1.000"
2026-05-08T23:19:18.342134+00:00,led_color,sample=9390,"r=1.000,g=1.000,b=0.000,a=1.000"
2026-05-08T23:19:18.349407+00:00,led_color,sample=9400,"r=1.000,g=1.000,b=0.000,a=1.000"
2026-05-08T23:19:18.356674+00:00,led_color,sample=9410,"r=1.000,g=1.000,b=0.000,a=1.000"
2026-05-08T23:19:18.362911+00:00,led_color,sample=9420,"r=1.000,g=1.000,b=0.000,a=1.000"
2026-05-08T23:19:18.369436+00:00,led_color,sample=9430,"r=1.000,g=1.000,b=0.000,a=1.000"
2026-05-08T23:19:18.375729+00:00,led_color,sample=9440,"r=1.000,g=1.000,b=0.000,a=1.000"
2026-05-08T23:19:18.414589+00:00,led_color,sample=9450,"r=1.000,g=1.000,b=0.000,a=1.000"
2026-05-08T23:19:18.421402+00:00,led_color,sample=9460,"r=1.000,g=1.000,b=0.000,a=1.000"
2026-05-08T23:19:18.429002+00:00,led_color,sample=9470,"r=1.000,g=1.000,b=0.000,a=1.000"
2026-05-08T23:19:18.435506+00:00,led_color,sample=9480,"r=1.000,g=1.000,b=0.000,a=1.000"
2026-05-08T23:19:18.441598+00:00,led_color,sample=9490,"r=1.000,g=1.000,b=0.000,a=1.000"
2026-05-08T23:19:18.447870+00:00,led_color,sample=9500,"r=1.000,g=1.000,b=0.000,a=1.000"
2026-05-08T23:19:18.453792+00:00,led_color,sample=9510,"r=1.000,g=1.000,b=0.000,a=1.000"
2026-05-08T23:19:18.462143+00:00,led_color,sample=9520,"r=1.000,g=1.000,b=0.000,a=1.000"
2026-05-08T23:19:18.468067+00:00,qbot_led_color,sample=120,"0.000,0.000,1.000"
2026-05-08T23:19:18.471835+00:00,led_color,sample=9530,"r=1.000,g=1.000,b=0.000,a=1.000"
2026-05-08T23:19:18.477840+00:00,led_color,sample=9540,"r=1.000,g=1.000,b=0.000,a=1.000"
2026-05-08T23:19:18.483955+00:00,led_color,sample=9550,"r=1.000,g=1.000,b=0.000,a=1.000"
2026-05-08T23:19:18.489909+00:00,led_color,sample=9560,"r=1.000,g=1.000,b=0.000,a=1.000"
2026-05-08T23:19:18.510010+00:00,led_color,sample=9570,"r=1.000,g=1.000,b=0.000,a=1.000"
2026-05-08T23:19:18.516012+00:00,led_color,sample=9580,"r=1.000,g=1.000,b=0.000,a=1.000"
2026-05-08T23:19:18.524583+00:00,led_color,sample=9590,"r=1.000,g=1.000,b=0.000,a=1.000"
2026-05-08T23:19:18.530896+00:00,led_color,sample=9600,"r=1.000,g=1.000,b=0.000,a=1.000"
2026-05-08T23:19:18.543242+00:00,led_color,sample=9610,"r=1.000,g=1.000,b=0.000,a=1.000"
2026-05-08T23:19:18.549479+00:00,led_color,sample=9620,"r=1.000,g=1.000,b=0.000,a=1.000"
2026-05-08T23:19:18.556730+00:00,led_color,sample=9630,"r=1.000,g=1.000,b=0.000,a=1.000"
2026-05-08T23:19:18.567400+00:00,led_color,sample=9640,"r=0.000,g=0.000,b=1.000,a=1.000"
2026-05-08T23:19:18.581402+00:00,led_color,sample=9650,"r=1.000,g=1.000,b=0.000,a=1.000"
2026-05-08T23:19:18.587301+00:00,led_color,sample=9660,"r=1.000,g=1.000,b=0.000,a=1.000"
2026-05-08T23:19:18.609022+00:00,led_color,sample=9670,"r=1.000,g=1.000,b=0.000,a=1.000"
2026-05-08T23:19:18.615003+00:00,led_color,sample=9680,"r=1.000,g=1.000,b=0.000,a=1.000"
2026-05-08T23:19:18.620874+00:00,led_color,sample=9690,"r=1.000,g=1.000,b=0.000,a=1.000"
2026-05-08T23:19:18.627743+00:00,led_color,sample=9700,"r=1.000,g=1.000,b=0.000,a=1.000"
2026-05-08T23:19:18.633680+00:00,led_color,sample=9710,"r=1.000,g=1.000,b=0.000,a=1.000"
2026-05-08T23:19:18.649998+00:00,led_color,sample=9720,"r=1.000,g=1.000,b=0.000,a=1.000"
2026-05-08T23:19:18.656000+00:00,led_color,sample=9730,"r=1.000,g=1.000,b=0.000,a=1.000"
2026-05-08T23:19:18.661930+00:00,led_color,sample=9740,"r=1.000,g=1.000,b=0.000,a=1.000"
2026-05-08T23:19:18.667822+00:00,led_color,sample=9750,"r=1.000,g=1.000,b=0.000,a=1.000"
2026-05-08T23:19:18.674001+00:00,led_color,sample=9760,"r=0.000,g=0.000,b=1.000,a=1.000"
2026-05-08T23:19:18.684836+00:00,led_color,sample=9770,"r=1.000,g=1.000,b=0.000,a=1.000"
2026-05-08T23:19:18.691805+00:00,led_color,sample=9780,"r=1.000,g=1.000,b=0.000,a=1.000"
2026-05-08T23:19:18.709765+00:00,led_color,sample=9790,"r=1.000,g=1.000,b=0.000,a=1.000"
2026-05-08T23:19:18.716051+00:00,led_color,sample=9800,"r=1.000,g=1.000,b=0.000,a=1.000"
2026-05-08T23:19:18.722008+00:00,led_color,sample=9810,"r=1.000,g=1.000,b=0.000,a=1.000"
2026-05-08T23:19:18.755064+00:00,led_color,sample=9820,"r=1.000,g=1.000,b=0.000,a=1.000"
2026-05-08T23:19:18.761160+00:00,led_color,sample=9830,"r=1.000,g=1.000,b=0.000,a=1.000"
2026-05-08T23:19:18.767365+00:00,led_color,sample=9840,"r=1.000,g=1.000,b=0.000,a=1.000"
2026-05-08T23:19:18.773719+00:00,led_color,sample=9850,"r=1.000,g=1.000,b=0.000,a=1.000"
2026-05-08T23:19:18.779962+00:00,led_color,sample=9860,"r=1.000,g=1.000,b=0.000,a=1.000"
2026-05-08T23:19:18.786476+00:00,led_color,sample=9870,"r=1.000,g=1.000,b=0.000,a=1.000"
2026-05-08T23:19:18.792871+00:00,led_color,sample=9880,"r=1.000,g=1.000,b=0.000,a=1.000"
2026-05-08T23:19:18.812541+00:00,led_color,sample=9890,"r=1.000,g=1.000,b=0.000,a=1.000"
2026-05-08T23:19:18.820200+00:00,led_color,sample=9900,"r=1.000,g=1.000,b=0.000,a=1.000"
2026-05-08T23:19:18.839085+00:00,led_color,sample=9910,"r=1.000,g=1.000,b=0.000,a=1.000"
2026-05-08T23:19:18.845606+00:00,led_color,sample=9920,"r=1.000,g=1.000,b=0.000,a=1.000"
2026-05-08T23:19:18.851822+00:00,led_color,sample=9930,"r=1.000,g=1.000,b=0.000,a=1.000"
2026-05-08T23:19:18.857732+00:00,led_color,sample=9940,"r=1.000,g=1.000,b=0.000,a=1.000"
2026-05-08T23:19:18.864471+00:00,led_color,sample=9950,"r=1.000,g=1.000,b=0.000,a=1.000"
2026-05-08T23:19:18.873052+00:00,led_color,sample=9960,"r=1.000,g=1.000,b=0.000,a=1.000"
2026-05-08T23:19:18.879180+00:00,led_color,sample=9970,"r=1.000,g=1.000,b=0.000,a=1.000"
2026-05-08T23:19:18.888317+00:00,led_color,sample=9980,"r=1.000,g=1.000,b=0.000,a=1.000"
2026-05-08T23:19:18.895090+00:00,led_color,sample=9990,"r=1.000,g=1.000,b=0.000,a=1.000"
2026-05-08T23:19:18.928627+00:00,led_color,sample=10000,"r=1.000,g=1.000,b=0.000,a=1.000"
2026-05-08T23:19:18.952543+00:00,led_color,sample=10010,"r=1.000,g=1.000,b=0.000,a=1.000"
2026-05-08T23:19:18.959511+00:00,led_color,sample=10020,"r=1.000,g=1.000,b=0.000,a=1.000"
2026-05-08T23:19:18.966920+00:00,led_color,sample=10030,"r=1.000,g=1.000,b=0.000,a=1.000"
2026-05-08T23:19:18.978271+00:00,led_color,sample=10040,"r=1.000,g=1.000,b=0.000,a=1.000"
2026-05-08T23:19:18.994460+00:00,led_color,sample=10050,"r=1.000,g=1.000,b=0.000,a=1.000"
2026-05-08T23:19:19.025948+00:00,led_color,sample=10060,"r=1.000,g=1.000,b=0.000,a=1.000"
2026-05-08T23:19:19.032478+00:00,led_color,sample=10070,"r=1.000,g=1.000,b=0.000,a=1.000"
2026-05-08T23:19:19.061516+00:00,led_color,sample=10080,"r=1.000,g=1.000,b=0.000,a=1.000"
2026-05-08T23:19:19.067861+00:00,led_color,sample=10090,"r=1.000,g=1.000,b=0.000,a=1.000"
2026-05-08T23:19:19.089433+00:00,led_color,sample=10100,"r=1.000,g=1.000,b=0.000,a=1.000"
2026-05-08T23:19:19.096457+00:00,led_color,sample=10110,"r=1.000,g=1.000,b=0.000,a=1.000"
2026-05-08T23:19:19.104640+00:00,led_color,sample=10120,"r=1.000,g=1.000,b=0.000,a=1.000"
2026-05-08T23:19:19.112143+00:00,led_color,sample=10130,"r=1.000,g=1.000,b=0.000,a=1.000"
2026-05-08T23:19:19.169819+00:00,led_color,sample=10140,"r=1.000,g=1.000,b=0.000,a=1.000"
2026-05-08T23:19:19.181680+00:00,led_color,sample=10150,"r=1.000,g=1.000,b=0.000,a=1.000"
2026-05-08T23:19:19.188042+00:00,led_color,sample=10160,"r=1.000,g=1.000,b=0.000,a=1.000"
2026-05-08T23:19:19.195844+00:00,led_color,sample=10170,"r=1.000,g=1.000,b=0.000,a=1.000"
2026-05-08T23:19:19.201893+00:00,led_color,sample=10180,"r=1.000,g=1.000,b=0.000,a=1.000"
2026-05-08T23:19:19.214361+00:00,led_color,sample=10190,"r=1.000,g=1.000,b=0.000,a=1.000"
2026-05-08T23:19:19.243498+00:00,led_color,sample=10200,"r=1.000,g=1.000,b=0.000,a=1.000"
2026-05-08T23:19:19.250177+00:00,led_color,sample=10210,"r=1.000,g=1.000,b=0.000,a=1.000"
2026-05-08T23:19:19.256576+00:00,led_color,sample=10220,"r=1.000,g=1.000,b=0.000,a=1.000"
2026-05-08T23:19:19.262557+00:00,led_color,sample=10230,"r=1.000,g=1.000,b=0.000,a=1.000"
2026-05-08T23:19:19.268663+00:00,led_color,sample=10240,"r=1.000,g=1.000,b=0.000,a=1.000"
2026-05-08T23:19:19.274496+00:00,led_color,sample=10250,"r=1.000,g=1.000,b=0.000,a=1.000"
2026-05-08T23:19:19.280693+00:00,led_color,sample=10260,"r=1.000,g=1.000,b=0.000,a=1.000"
2026-05-08T23:19:19.286548+00:00,led_color,sample=10270,"r=1.000,g=1.000,b=0.000,a=1.000"
2026-05-08T23:19:19.292617+00:00,led_color,sample=10280,"r=1.000,g=1.000,b=0.000,a=1.000"
2026-05-08T23:19:19.298438+00:00,led_color,sample=10290,"r=1.000,g=1.000,b=0.000,a=1.000"
2026-05-08T23:19:19.304279+00:00,led_color,sample=10300,"r=1.000,g=1.000,b=0.000,a=1.000"
2026-05-08T23:19:19.310198+00:00,led_color,sample=10310,"r=1.000,g=1.000,b=0.000,a=1.000"
2026-05-08T23:19:19.316206+00:00,led_color,sample=10320,"r=1.000,g=1.000,b=0.000,a=1.000"
2026-05-08T23:19:19.322538+00:00,led_color,sample=10330,"r=1.000,g=1.000,b=0.000,a=1.000"
2026-05-08T23:19:19.328502+00:00,led_color,sample=10340,"r=1.000,g=1.000,b=0.000,a=1.000"
2026-05-08T23:19:19.348879+00:00,led_color,sample=10350,"r=1.000,g=1.000,b=0.000,a=1.000"
2026-05-08T23:19:19.370525+00:00,led_color,sample=10360,"r=1.000,g=1.000,b=0.000,a=1.000"
2026-05-08T23:19:19.376713+00:00,led_color,sample=10370,"r=1.000,g=1.000,b=0.000,a=1.000"
2026-05-08T23:19:19.400081+00:00,led_color,sample=10380,"r=1.000,g=1.000,b=0.000,a=1.000"
2026-05-08T23:19:19.406292+00:00,led_color,sample=10390,"r=1.000,g=1.000,b=0.000,a=1.000"
2026-05-08T23:19:19.413118+00:00,led_color,sample=10400,"r=1.000,g=1.000,b=0.000,a=1.000"
2026-05-08T23:19:19.419187+00:00,led_color,sample=10410,"r=1.000,g=1.000,b=0.000,a=1.000"
2026-05-08T23:19:19.466188+00:00,led_color,sample=10420,"r=1.000,g=1.000,b=0.000,a=1.000"
2026-05-08T23:19:19.468468+00:00,qbot_led_color,sample=130,"0.000,0.000,1.000"
